transaction_id,amount,time_of_day,day_of_week,distance_from_home,distance_from_last_transaction,ratio_to_median_purchase_price,repeat_retailer,used_chip,used_pin_online,online_order,fraud
1,13.48,2.25,1,13.82,4.54,1.4993,0,1,0,0,0
2,14.24,19.42,0,10.02,13.03,1.1354,1,1,1,0,0
3,80.67,2.32,6,21.19,5.63,0.5091,1,0,0,0,0
4,133.0,19.9,4,2.27,9.24,0.3372,1,0,1,0,0
5,181.46,9.12,3,9.7,1.48,1.3564,1,0,0,0,0
6,183.05,5.87,3,18.57,4.27,0.6073,0,1,1,1,0
7,494.77,9.62,0,32.04,11.18,1.4008,0,1,0,0,0
8,471.51,3.35,5,43.83,6.36,1.3453,1,1,0,0,0
9,132.11,2.18,0,29.27,17.97,0.8589,1,1,1,0,0
10,77.27,12.69,4,8.08,13.64,1.2332,1,1,1,0,0
11,6.73,10.43,3,36.06,13.67,1.1202,1,1,0,0,0
12,3624.36,12.18,1,373.86,194.66,8.0957,1,0,1,1,1
13,381.49,2.68,2,27.02,15.59,1.1077,0,1,0,0,0
14,416.0,19.58,6,15.44,1.25,1.7682,0,0,1,0,0
15,63.75,16.55,5,33.02,18.94,0.4137,1,1,1,1,0
16,497.58,8.11,4,32.53,8.82,1.0834,0,1,0,0,0
17,294.63,12.33,2,0.46,14.19,0.2119,0,0,0,0,0
18,107.9,4.57,0,6.7,18.72,1.185,1,1,0,0,0
19,177.79,8.14,6,20.61,17.29,0.2029,0,0,0,1,0
20,96.6,19.38,6,26.86,2.89,0.4486,1,1,0,0,0
21,26.24,11.55,6,49.96,16.74,1.9411,1,1,0,0,0
22,30.26,22.97,6,19.01,19.71,0.6039,1,1,0,1,0
23,359.49,14.01,4,7.82,6.0,1.9405,0,1,0,0,0
24,266.03,9.69,4,2.94,10.21,1.7176,0,0,1,0,0
25,297.67,17.18,1,31.01,8.44,1.209,1,1,0,1,0
26,66.31,23.95,0,32.31,9.2,1.8651,0,0,0,1,0
27,1105.11,10.51,4,169.34,187.32,9.0469,0,0,1,0,1
28,306.23,2.77,0,49.36,13.11,0.1149,1,0,0,0,0
29,78.57,2.21,3,14.16,4.29,0.7515,1,1,0,0,0
30,23.0,10.26,0,16.74,2.7,1.9616,1,1,1,1,0
31,472.58,1.0,2,34.58,3.07,0.1685,1,1,0,0,0
32,398.27,21.21,3,43.05,17.99,0.4991,1,0,0,1,0
33,374.99,17.67,2,46.3,4.81,0.4088,1,1,0,0,0
34,206.44,20.6,1,33.53,14.73,0.5715,1,0,0,0,0
35,459.31,9.56,2,17.55,16.43,1.7555,1,0,1,0,0
36,483.48,4.28,2,14.03,12.87,0.8594,1,0,0,0,0
37,3003.03,4.56,0,205.56,159.42,5.4912,1,0,1,1,1
38,1.84,22.76,2,46.29,10.82,1.4669,1,1,0,0,0
39,332.03,7.09,1,6.32,18.01,1.0635,1,1,0,1,0
40,332.8,7.29,1,19.02,14.99,0.4307,1,1,1,0,0
41,290.41,15.81,2,32.77,9.35,0.9401,1,1,1,0,0
42,316.84,0.59,1,16.83,16.39,1.5272,1,1,0,0,0
43,306.03,5.85,5,38.45,9.16,1.7837,1,1,0,0,0
44,446.44,11.14,4,43.04,17.72,1.579,1,1,1,1,0
45,424.32,21.4,3,22.88,16.05,1.3684,1,1,1,1,0
46,274.39,18.37,4,44.87,14.9,1.0019,1,1,1,0,0
47,120.38,3.32,1,22.05,14.3,0.5455,1,1,1,0,0
48,77.25,19.98,3,10.78,8.36,0.7287,1,1,0,0,0
49,292.46,7.16,3,34.81,17.15,1.5546,1,1,0,0,0
50,476.76,10.46,0,21.01,14.98,1.1377,1,1,0,0,0
51,334.77,13.54,0,39.93,14.51,1.697,1,0,0,1,0
52,2171.63,8.1,3,440.08,44.53,4.0813,0,0,1,1,1
53,475.65,1.65,5,21.14,16.71,0.9936,0,1,0,1,0
54,203.6,2.74,1,161.28,169.45,6.9707,0,0,1,1,1
55,128.87,13.88,2,18.51,12.16,1.9311,0,1,0,0,0
56,454.11,20.4,4,18.83,18.84,0.4768,1,0,1,0,0
57,398.32,8.19,6,28.34,0.92,1.1122,1,0,1,1,0
58,245.61,17.6,5,21.73,7.31,1.794,1,1,0,0,0
59,404.29,6.69,3,26.95,9.72,0.9276,1,1,0,0,0
60,232.89,8.51,2,30.56,7.64,0.1545,1,1,0,0,0
61,440.28,9.75,4,35.09,5.6,0.1193,1,0,0,1,0
62,345.61,16.6,2,32.33,9.87,1.6066,0,1,0,0,0
63,185.14,6.5,2,27.72,6.94,1.9936,1,1,1,0,0
64,360.92,11.62,5,15.85,14.88,1.9067,1,1,0,1,0
65,380.34,7.25,5,29.88,19.61,1.682,1,1,0,0,0
66,137.88,13.77,3,48.72,11.11,1.4251,1,1,0,0,0
67,171.01,1.78,5,48.28,5.12,1.7373,0,0,0,0,0
68,76.71,14.55,6,40.58,18.99,0.2618,1,0,1,0,0
69,388.07,1.44,5,19.08,18.18,0.665,1,1,1,1,0
70,3825.55,0.06,3,331.48,60.28,2.6495,0,0,0,0,1
71,235.49,22.16,6,1.73,5.83,0.6372,1,0,1,0,0
72,295.31,1.71,1,40.21,4.04,0.3181,1,1,0,0,0
73,297.93,22.61,4,41.23,18.43,0.9344,1,1,1,0,0
74,219.44,23.08,6,29.94,17.8,1.4956,1,0,0,0,0
75,293.97,15.63,2,1.14,15.32,1.6607,0,1,0,1,0
76,293.08,16.08,6,31.78,9.89,0.2734,1,1,0,0,0
77,206.41,6.06,0,24.82,13.29,0.8609,0,1,0,0,0
78,202.68,12.44,4,25.78,19.76,1.3496,1,1,0,0,0
79,313.08,2.91,5,38.02,4.15,1.1435,1,1,1,0,0
80,120.41,22.72,5,8.0,11.06,1.1493,0,1,0,0,0
81,249.69,13.22,3,35.86,10.23,0.6195,1,1,0,0,0
82,300.09,19.68,2,37.34,2.82,0.2326,1,1,1,0,0
83,418.9,13.24,4,29.04,13.23,1.744,1,1,0,0,0
84,466.49,7.63,3,43.49,19.62,0.5537,1,1,0,0,0
85,405.89,12.05,4,19.37,13.31,1.6594,1,1,0,0,0
86,51.08,23.27,0,42.27,2.08,1.8298,0,1,0,1,0
87,484.63,17.24,6,16.99,13.88,1.3347,1,1,0,1,0
88,270.97,10.41,0,30.91,4.77,1.4004,1,1,1,0,0
89,352.24,7.04,2,5.12,3.41,0.669,0,0,0,0,0
90,122.85,14.87,1,20.66,13.67,0.4421,1,0,1,0,0
91,292.0,13.11,0,11.69,12.79,0.9732,0,1,0,1,0
92,173.44,23.97,6,29.42,12.81,0.9062,1,1,0,0,0
93,119.37,6.58,4,28.64,11.54,1.9861,1,0,1,0,0
94,389.38,5.25,1,48.68,18.22,1.5158,1,1,1,0,0
95,339.2,0.8,2,36.07,13.22,1.6928,0,0,0,0,0
96,45.98,21.91,6,14.83,14.97,0.4337,1,1,1,1,0
97,457.11,3.38,1,47.21,19.35,0.6608,1,0,0,0,0
98,362.38,6.34,0,49.0,19.35,1.6287,1,0,0,0,0
99,336.74,11.31,4,33.65,11.73,1.6626,1,0,1,0,0
100,281.14,2.8,0,45.77,4.51,0.2201,1,1,1,0,0
101,152.88,16.08,5,24.68,2.03,1.7858,1,1,0,0,0
102,270.56,22.53,2,29.41,14.56,1.7823,0,1,1,0,0
103,1884.12,21.63,5,249.52,190.61,8.8436,0,1,1,1,1
104,199.67,15.39,4,9.57,2.53,1.7113,1,0,1,0,0
105,26.24,14.07,6,16.74,19.78,1.5953,1,0,1,0,0
106,164.95,19.16,0,7.46,18.02,0.1054,1,1,1,0,0
107,13.86,1.26,5,0.84,15.82,0.5521,1,0,0,0,0
108,57.71,22.68,0,3.27,9.02,0.7879,0,1,1,0,0
109,454.47,10.23,0,32.98,6.1,1.3223,0,0,0,0,0
110,454.94,15.19,4,3.77,1.71,1.2558,0,1,0,1,0
111,191.07,20.46,5,29.91,5.97,1.0605,1,0,1,0,0
112,276.12,9.98,0,43.29,8.66,1.7874,1,1,0,0,0
113,156.95,2.24,0,12.82,19.08,1.405,1,0,0,0,0
114,186.95,20.96,6,6.59,1.29,1.9176,1,0,0,0,0
115,458.01,11.57,6,2.67,5.82,0.6937,0,1,0,1,0
116,422.84,19.9,2,18.44,15.28,1.1908,1,0,1,1,0
117,1402.69,3.4,5,393.08,185.09,4.8082,0,0,1,0,1
118,46.79,7.78,4,26.57,7.59,0.9619,1,1,0,1,0
119,441.79,10.17,4,7.86,15.11,0.1945,0,1,0,1,0
120,137.31,7.4,1,37.77,2.36,0.9168,1,1,1,1,0
121,300.06,2.88,3,0.48,6.1,0.5013,1,1,0,0,0
122,88.67,1.01,0,19.07,14.1,1.0505,1,0,0,1,0
123,39.85,0.5,2,15.72,8.64,0.8684,1,1,0,0,0
124,473.86,14.13,4,23.06,13.82,0.7875,1,0,0,0,0
125,4359.1,12.23,6,385.61,52.1,8.2329,0,1,0,1,1
126,363.96,14.45,6,40.97,16.32,0.5489,1,1,0,0,0
127,38.6,3.62,0,47.57,12.6,0.9815,1,1,1,0,0
128,316.06,0.9,2,39.84,11.87,0.7687,0,1,0,0,0
129,39.29,22.89,5,43.23,17.12,1.2685,1,1,1,1,0
130,225.42,2.48,6,40.51,13.07,0.7109,1,1,0,0,0
131,357.44,14.63,2,25.28,3.53,0.5707,1,1,1,1,0
132,142.16,13.39,3,20.5,6.83,1.236,1,0,0,0,0
133,362.14,3.39,2,32.86,18.14,1.7592,1,0,1,1,0
134,328.37,15.44,2,33.14,2.67,1.4468,0,1,1,0,0
135,335.39,0.44,2,41.47,14.8,1.4023,0,1,1,0,0
136,107.88,20.26,0,47.39,9.78,0.5304,1,1,0,0,0
137,270.35,4.34,5,36.96,10.58,1.3577,1,1,0,0,0
138,404.71,18.05,6,8.36,8.81,0.8806,1,1,1,0,0
139,267.47,23.62,3,15.54,16.19,0.9911,1,1,1,1,0
140,389.28,15.38,6,25.2,8.43,0.4079,1,1,0,0,0
141,467.21,21.72,1,35.6,10.37,0.3369,0,1,0,0,0
142,46.77,12.04,1,45.53,16.35,1.7808,0,1,0,0,0
143,41.72,6.88,6,11.3,6.44,0.2883,1,1,0,0,0
144,415.72,20.03,4,37.97,9.44,1.2692,0,0,0,0,0
145,304.83,15.33,4,21.22,15.55,0.5515,0,0,0,0,0
146,56.32,0.04,2,45.27,11.98,0.1312,1,1,0,0,0
147,208.87,1.04,3,33.25,1.8,1.9518,0,0,0,0,0
148,127.57,8.45,2,0.91,15.79,0.7551,0,1,0,0,0
149,88.37,18.62,3,38.98,9.35,1.4212,1,1,0,1,0
150,1047.88,11.36,0,406.0,178.3,4.5248,0,1,1,1,1
151,96.36,10.48,3,17.91,15.64,1.745,1,1,0,0,0
152,447.42,19.22,5,19.39,19.48,1.0428,1,1,1,0,0
153,215.87,7.09,3,49.76,3.69,0.6582,0,0,0,1,0
154,213.63,23.51,0,34.52,7.1,0.1805,1,1,0,1,0
155,3205.69,3.03,1,213.49,162.21,7.4353,0,0,1,0,1
156,183.8,18.31,4,19.2,11.39,1.2497,1,1,0,0,0
157,184.11,9.28,4,15.79,5.65,1.925,0,1,0,1,0
158,387.71,20.46,3,35.23,4.37,1.2626,1,1,0,0,0
159,356.97,13.19,2,49.86,16.23,1.9384,1,1,1,0,0
160,425.83,19.0,1,35.62,18.55,1.3116,1,1,0,0,0
161,14.12,9.55,5,27.75,7.44,1.627,1,0,0,0,0
162,263.32,16.32,2,38.48,16.48,0.2401,1,0,0,0,0
163,414.7,19.95,4,27.61,11.8,1.5588,1,1,1,0,0
164,83.16,15.24,4,16.2,14.22,0.7574,1,0,0,0,0
165,312.89,17.29,4,30.76,1.96,1.3179,1,1,1,1,0
166,462.04,14.83,0,2.16,17.29,0.2543,1,1,1,0,0
167,313.95,16.52,1,14.55,19.14,1.0176,1,1,0,0,0
168,242.64,18.25,4,10.28,12.17,0.6939,1,1,0,0,0
169,160.24,20.73,3,23.38,5.42,0.571,0,0,0,0,0
170,432.79,23.89,3,8.07,6.62,1.1976,1,1,0,0,0
171,154.96,1.17,2,1.26,18.91,1.0603,1,1,1,0,0
172,441.29,17.45,6,32.75,9.46,1.1197,0,1,0,0,0
173,23.58,10.8,4,2.65,11.28,0.7888,1,0,0,1,0
174,494.56,22.53,6,34.05,2.46,1.9527,1,1,0,1,0
175,301.63,3.57,4,20.13,0.9,0.1739,1,1,1,0,0
176,465.75,12.77,5,15.99,7.92,1.2714,1,1,1,1,0
177,237.97,15.1,4,0.93,6.69,0.3082,1,1,1,1,0
178,483.57,15.09,4,39.17,15.55,1.1975,0,1,0,1,0
179,190.71,7.53,1,41.1,4.92,1.1879,0,1,0,0,0
180,102.74,13.46,5,25.14,12.27,0.9961,0,1,1,0,0
181,189.04,4.61,1,47.84,9.25,1.1129,1,1,1,0,0
182,149.95,8.37,6,47.08,19.65,1.5652,1,1,0,0,0
183,144.61,1.01,5,28.72,10.91,1.8019,1,1,0,0,0
184,4623.85,2.62,5,345.19,151.99,3.7119,1,0,1,0,1
185,121.99,17.21,0,33.52,10.67,1.3121,0,0,0,0,0
186,69.6,18.13,2,48.23,19.56,0.4001,1,1,1,0,0
187,323.3,22.4,0,45.41,1.88,1.1909,0,1,0,0,0
188,199.1,13.63,0,24.82,18.74,1.928,1,0,0,0,0
189,168.19,19.4,2,22.77,12.86,1.0962,1,1,0,0,0
190,230.0,20.54,3,12.94,3.81,1.4996,1,1,0,1,0
191,258.13,0.16,3,4.43,13.42,0.4511,1,1,0,0,0
192,377.12,16.62,0,47.71,6.11,1.4735,0,1,1,0,0
193,233.23,8.82,1,8.07,13.75,1.8539,1,0,1,0,0
194,67.65,19.81,6,7.74,14.98,1.2509,1,1,1,1,0
195,377.62,1.48,4,43.67,1.73,0.9488,1,0,1,0,0
196,101.88,17.2,3,26.88,3.37,1.7235,1,0,1,0,0
197,2576.36,11.09,6,413.91,96.15,6.106,0,1,0,1,1
198,11.86,16.8,4,12.8,0.16,0.514,0,0,0,0,0
199,467.36,23.47,5,3.54,18.68,0.1603,1,1,0,1,0
200,187.86,23.13,6,44.58,9.03,1.8425,1,1,0,1,0
201,327.11,23.47,3,17.45,3.65,1.1208,1,1,0,0,0
202,272.68,22.49,5,26.64,16.48,0.5703,1,1,0,0,0
203,17.08,2.42,0,33.04,12.34,1.8789,0,1,0,0,0
204,336.34,18.1,6,43.62,4.97,0.184,1,1,1,0,0
205,2544.28,7.24,1,180.17,165.0,7.8521,0,1,1,0,1
206,261.1,1.12,2,20.74,5.58,1.1578,1,1,1,0,0
207,336.0,18.1,3,39.31,6.44,0.891,1,1,0,0,0
208,113.45,12.71,3,42.89,2.97,0.9797,0,1,0,1,0
209,102.47,9.05,4,32.37,18.45,1.7096,0,1,0,0,0
210,436.94,7.27,0,9.49,15.26,1.4762,1,1,0,0,0
211,95.82,13.24,6,37.1,14.96,1.5332,1,1,0,0,0
212,233.66,11.26,6,32.47,6.24,0.7833,1,1,0,1,0
213,102.36,22.42,4,15.71,1.01,1.7418,1,0,0,1,0
214,148.3,22.63,2,9.89,4.68,1.1826,1,1,1,1,0
215,410.97,17.28,3,48.33,12.87,1.0321,1,1,0,0,0
216,444.79,3.3,5,49.52,19.15,1.0955,0,0,0,0,0
217,353.88,12.77,3,0.56,10.16,0.8091,1,1,0,0,0
218,2670.62,2.57,0,173.63,195.72,2.1371,1,1,1,0,1
219,121.24,11.01,1,31.03,5.12,0.7734,1,0,0,0,0
220,113.7,9.05,3,34.23,16.97,1.3421,0,0,0,0,0
221,96.78,22.05,1,127.12,104.97,5.4713,0,1,0,1,1
222,434.19,15.79,1,44.39,9.56,0.1885,0,1,1,1,0
223,157.93,13.53,4,48.08,11.78,1.5293,1,0,0,0,0
224,195.19,23.37,0,44.84,6.7,1.5357,1,0,1,1,0
225,1199.11,15.21,6,84.21,124.98,6.9109,1,0,1,0,1
226,245.81,19.15,5,17.85,18.83,0.9205,1,0,1,0,0
227,1376.46,2.2,2,221.0,158.94,3.2342,0,0,1,0,1
228,380.91,8.49,0,5.2,1.84,0.9189,1,0,0,0,0
229,392.43,4.07,3,43.2,0.35,0.8862,0,1,1,1,0
230,135.19,18.78,2,13.49,3.0,0.4177,1,1,0,0,0
231,124.05,22.76,2,31.29,11.92,0.4715,0,1,0,0,0
232,190.57,22.73,1,43.12,8.86,0.9182,1,1,0,1,0
233,89.64,6.72,6,19.97,6.45,1.4963,1,1,0,0,0
234,57.83,10.52,2,28.24,11.89,1.1367,0,1,1,0,0
235,35.51,15.8,5,42.4,15.92,1.3787,1,1,0,0,0
236,189.12,21.48,4,22.51,12.0,1.2063,1,0,0,1,0
237,457.29,16.25,3,5.56,5.04,1.3629,1,0,1,1,0
238,166.47,9.38,6,39.83,2.21,0.2874,1,1,0,0,0
239,345.53,19.94,5,7.62,19.95,1.0173,1,1,0,0,0
240,156.63,16.72,2,22.82,4.22,1.0176,1,0,0,1,0
241,271.18,5.85,1,369.85,14.29,4.7446,0,1,0,1,1
242,166.16,10.37,0,21.38,9.29,1.6157,1,1,1,1,0
243,441.67,19.4,0,22.53,8.65,0.1085,1,1,0,1,0
244,399.95,12.66,5,26.89,7.38,0.4744,0,1,1,0,0
245,194.93,19.21,4,19.69,2.37,0.7688,1,1,1,1,0
246,336.38,10.03,1,15.73,4.85,0.3222,1,1,1,0,0
247,212.1,3.37,2,24.38,10.79,1.8464,1,1,0,0,0
248,310.09,15.67,3,43.29,19.04,1.0208,1,1,1,1,0
249,208.4,6.59,4,42.01,9.83,0.2571,0,1,0,0,0
250,390.59,19.75,2,28.33,15.47,1.0411,0,0,0,1,0
251,378.64,18.02,2,38.02,8.88,0.5152,1,0,1,1,0
252,17.08,14.1,2,13.21,17.26,0.2653,0,1,0,1,0
253,305.52,12.77,4,21.47,12.36,1.5912,1,0,1,0,0
254,162.5,23.81,6,35.23,5.86,0.608,0,1,0,0,0
255,351.01,13.85,2,6.72,3.01,0.712,1,1,0,0,0
256,188.21,10.91,3,3.87,15.91,1.5609,1,1,1,0,0
257,2.23,9.54,3,38.73,14.68,1.4888,1,1,0,1,0
258,247.86,18.29,0,16.21,5.74,1.1399,1,1,0,1,0
259,3930.25,4.85,5,256.81,33.61,8.8612,0,0,0,1,1
260,441.19,8.92,5,15.16,17.5,1.7655,0,1,0,0,0
261,198.77,11.44,1,15.34,14.02,0.5449,0,0,0,0,0
262,260.2,11.46,1,22.31,0.26,0.7528,0,1,1,0,0
263,365.65,23.82,1,5.21,6.34,1.7739,1,1,0,1,0
264,2838.29,14.78,3,324.64,41.18,4.8095,0,1,0,1,1
265,44.26,18.98,1,5.11,15.07,1.2202,1,1,0,0,0
266,43.04,14.56,1,27.71,12.04,1.2544,0,1,0,1,0
267,148.48,11.98,4,2.82,17.97,1.9139,1,1,0,0,0
268,4449.19,13.11,1,55.43,78.61,4.5318,0,1,1,1,1
269,477.27,22.76,3,38.54,0.43,0.2283,1,1,0,0,0
270,314.66,7.43,4,25.1,8.37,1.4334,0,1,0,0,0
271,487.18,17.51,6,7.85,6.6,1.2142,0,1,1,0,0
272,123.0,15.79,1,46.24,2.41,1.2634,0,1,1,1,0
273,354.24,17.99,6,35.1,3.36,1.9107,1,1,0,0,0
274,443.32,23.39,5,38.59,0.68,1.6335,1,0,0,1,0
275,2303.23,21.45,5,212.06,104.93,6.5351,0,0,1,0,1
276,114.97,9.19,1,25.49,0.98,1.7396,1,0,0,0,0
277,480.21,9.99,5,1.86,16.08,1.4566,1,1,0,0,0
278,413.17,23.54,3,28.62,2.48,1.3793,0,1,0,1,0
279,2352.22,4.81,4,177.04,170.52,4.6184,1,0,0,1,1
280,370.05,22.37,0,12.2,7.43,1.9465,1,1,0,0,0
281,173.87,7.38,1,41.99,17.56,1.9069,0,1,1,1,0
282,119.85,21.53,4,24.65,1.29,1.9942,1,0,0,0,0
283,447.89,13.62,3,22.98,14.98,1.2035,1,1,0,1,0
284,66.22,6.52,0,14.65,17.03,1.8595,1,1,0,0,0
285,68.92,2.9,2,38.53,2.27,0.3007,1,1,0,0,0
286,104.61,14.47,1,15.48,5.37,0.3278,1,1,1,1,0
287,164.57,0.75,3,4.65,5.04,0.7759,0,1,0,0,0
288,278.42,19.92,1,27.55,1.99,0.2936,1,0,0,0,0
289,412.01,4.74,5,18.67,12.64,1.3249,1,0,0,0,0
290,65.27,22.17,3,45.26,16.6,0.7299,0,1,0,0,0
291,198.1,10.7,1,1.57,13.7,0.4283,1,1,0,0,0
292,3114.92,6.71,1,160.6,66.07,5.2959,1,0,0,0,1
293,321.68,11.51,6,39.88,5.06,1.9888,0,1,1,0,0
294,456.43,1.41,3,25.17,7.83,0.4417,1,1,0,0,0
295,383.65,1.34,1,49.98,19.48,0.2903,1,1,1,1,0
296,491.35,7.63,5,19.48,18.71,1.9839,1,1,0,1,0
297,457.08,7.41,3,1.51,14.04,1.9004,1,1,0,1,0
298,328.03,8.17,1,320.75,13.79,5.8239,0,1,0,0,1
299,422.3,23.04,2,16.25,0.54,1.2146,1,0,1,0,0
300,331.41,15.57,1,29.34,6.8,0.7129,1,1,1,0,0
301,281.43,16.52,1,44.49,12.31,0.778,1,1,0,1,0
302,1.9,22.1,4,35.13,11.5,1.7164,0,1,1,0,0
303,283.21,15.26,0,46.84,2.9,1.5162,1,1,0,0,0
304,335.34,8.41,6,36.49,6.78,0.1217,1,1,1,0,0
305,1.64,13.1,0,19.36,14.68,1.9413,1,1,0,0,0
306,394.58,0.48,2,28.94,15.19,0.5286,1,0,0,0,0
307,38.03,21.43,5,8.59,7.57,1.4908,0,1,1,1,0
308,4715.09,9.82,4,124.25,179.05,3.2568,0,0,0,0,1
309,365.26,20.15,1,13.34,5.7,0.5513,0,1,1,1,0
310,68.89,4.96,5,89.43,166.54,7.0007,0,0,0,0,1
311,41.89,13.05,1,42.2,6.24,0.8552,1,1,0,1,0
312,191.34,1.48,6,9.41,0.99,0.9355,1,1,0,1,0
313,49.25,10.04,4,33.44,16.18,0.8866,1,0,0,1,0
314,468.24,21.6,6,28.68,4.79,0.6678,1,0,1,1,0
315,491.39,1.02,0,7.46,18.99,0.9532,1,1,0,0,0
316,218.26,2.09,4,49.86,12.58,1.6848,1,1,1,0,0
317,163.74,3.56,4,13.88,9.22,1.7596,1,0,0,0,0
318,482.45,9.19,3,5.1,2.2,1.5811,1,1,0,0,0
319,237.05,16.57,0,8.69,8.12,1.2747,1,0,0,0,0
320,460.5,20.59,5,44.86,0.5,1.653,1,1,0,0,0
321,4351.06,15.49,1,110.47,195.1,5.5449,0,0,1,1,1
322,456.8,1.57,5,20.42,9.74,1.0814,1,0,1,0,0
323,68.69,0.79,0,42.58,17.6,0.155,1,1,0,0,0
324,352.61,11.73,3,13.77,16.49,1.0597,0,0,0,0,0
325,435.37,9.27,1,29.39,7.06,0.4107,1,0,0,0,0
326,390.14,12.31,6,10.79,4.5,0.5277,1,1,1,0,0
327,384.02,19.31,2,0.54,18.24,1.33,0,1,0,1,0
328,354.97,7.25,4,13.84,17.92,1.718,1,1,0,0,0
329,199.18,2.59,0,5.21,10.28,1.3585,1,1,0,1,0
330,138.97,18.36,0,16.32,5.61,1.3466,1,1,0,1,0
331,401.38,21.76,3,30.04,13.24,1.3934,0,1,0,0,0
332,18.62,12.17,6,35.43,11.48,0.4608,1,1,1,0,0
333,329.15,15.7,1,27.96,5.95,0.9945,1,1,1,0,0
334,372.36,11.29,6,15.42,15.78,0.7295,1,1,0,0,0
335,290.58,9.91,6,31.07,9.5,0.4696,0,1,1,0,0
336,69.55,4.33,0,10.09,8.24,1.1819,1,1,0,1,0
337,315.89,18.34,3,8.92,12.73,0.109,1,1,0,1,0
338,390.1,0.91,1,6.56,8.73,0.9159,1,1,0,0,0
339,475.08,5.97,5,44.61,15.16,1.109,0,0,1,1,0
340,156.73,10.94,4,5.23,10.12,0.6816,0,0,0,0,0
341,169.58,22.74,6,44.41,19.91,0.7512,1,1,0,0,0
342,114.98,15.61,0,36.39,2.71,1.4947,1,0,0,1,0
343,320.52,1.16,0,38.59,12.5,1.2285,0,0,1,0,0
344,190.75,2.42,4,27.41,9.54,0.3909,0,1,0,1,0
345,303.21,11.94,4,6.94,16.63,0.2993,0,1,0,0,0
346,132.23,11.91,1,26.2,4.11,1.4365,1,1,0,1,0
347,240.85,18.7,0,11.8,0.35,0.2691,0,1,0,0,0
348,51.54,2.39,1,12.87,4.7,1.9785,1,1,0,0,0
349,426.27,20.44,5,18.07,13.57,0.9094,0,0,0,0,0
350,165.0,2.73,3,44.74,19.11,0.6098,0,1,0,0,0
351,136.64,17.43,6,19.35,17.03,1.6198,1,0,0,1,0
352,208.6,0.69,5,29.58,16.07,1.3889,1,1,0,1,0
353,363.91,6.28,2,44.6,9.71,1.0274,1,1,0,0,0
354,4348.24,12.55,5,286.17,151.29,7.7902,0,1,1,1,1
355,216.99,1.31,5,36.36,9.69,1.3611,1,1,1,1,0
356,253.28,23.27,0,23.52,9.97,0.4143,1,1,0,0,0
357,275.7,10.73,0,18.99,16.36,0.2498,1,1,0,0,0
358,372.87,15.29,4,0.99,8.13,0.1681,0,0,1,1,0
359,327.64,18.41,4,22.86,6.88,1.6681,1,1,0,1,0
360,328.93,19.91,6,35.82,2.37,1.5427,1,0,0,0,0
361,261.47,14.65,1,35.13,1.01,0.4119,1,1,0,0,0
362,426.24,22.23,6,10.86,16.51,0.4621,1,0,0,0,0
363,62.49,17.66,4,44.6,9.2,1.2197,1,1,0,1,0
364,419.57,2.48,5,24.2,10.22,1.8502,1,1,1,0,0
365,441.47,23.28,3,25.26,7.75,1.9611,1,1,0,0,0
366,69.95,14.97,2,30.17,17.74,1.0734,1,1,0,0,0
367,460.67,18.25,4,6.72,14.24,1.9528,1,1,1,0,0
368,285.75,2.55,3,33.39,8.41,1.521,1,1,0,1,0
369,335.46,16.57,2,10.08,15.03,0.4058,1,1,0,0,0
370,271.04,18.82,6,18.0,9.11,1.2706,1,1,0,1,0
371,346.78,6.03,4,2.44,7.69,0.8915,1,0,0,1,0
372,430.36,7.06,1,22.21,4.59,1.3042,1,1,1,0,0
373,38.16,6.34,1,48.13,14.73,0.3268,0,1,0,1,0
374,128.25,18.56,5,16.6,14.22,0.3941,1,1,1,0,0
375,331.28,1.64,4,24.58,11.5,0.7804,1,1,0,1,0
376,272.0,5.24,6,20.23,7.05,1.7785,1,1,0,0,0
377,237.95,21.7,4,28.11,15.07,1.3337,0,1,0,0,0
378,122.67,17.37,0,2.09,17.72,0.8246,0,1,0,1,0
379,411.23,7.68,0,18.81,16.08,0.9466,0,1,1,0,0
380,84.53,18.56,6,47.82,10.81,0.1139,0,1,1,1,0
381,418.0,3.69,3,10.36,16.59,1.7694,1,0,1,1,0
382,19.91,9.31,5,3.76,3.64,0.5786,0,1,0,0,0
383,158.89,8.58,4,19.54,2.45,0.1112,0,0,1,0,0
384,393.66,0.74,1,15.14,1.82,1.554,1,1,0,1,0
385,69.05,15.54,0,19.61,15.97,1.1369,1,1,1,1,0
386,277.98,17.79,5,6.25,0.2,1.2336,0,1,0,1,0
387,206.91,4.35,6,32.33,10.3,0.4058,1,1,0,0,0
388,28.14,6.01,1,37.58,19.8,1.1428,0,1,1,0,0
389,244.11,21.59,2,16.61,2.65,1.3454,0,1,1,0,0
390,164.84,0.12,1,33.01,13.9,0.3896,1,1,0,0,0
391,356.39,8.61,2,32.08,5.61,0.783,1,1,0,0,0
392,55.31,21.26,0,32.31,1.73,0.6332,1,1,0,1,0
393,446.16,6.25,4,42.49,12.67,1.644,1,1,0,1,0
394,387.82,12.24,3,18.35,4.54,1.5671,1,1,0,1,0
395,6.29,4.3,4,12.02,19.28,1.9655,1,1,0,0,0
396,483.9,6.34,1,36.82,9.72,0.7817,1,1,0,0,0
397,1073.53,7.77,5,458.48,78.64,5.7574,0,0,0,1,1
398,317.15,8.76,5,13.75,14.86,1.1994,1,1,1,0,0
399,39.84,19.02,4,12.65,19.46,0.5235,1,1,0,0,0
400,4416.07,3.78,4,247.95,53.7,6.1163,0,0,0,0,1
401,60.05,14.17,5,11.59,16.24,1.4685,1,1,0,0,0
402,12.2,6.2,1,2.25,11.51,0.4061,0,1,0,0,0
403,203.32,14.55,3,48.47,12.79,1.7692,1,0,0,0,0
404,86.11,16.45,3,41.54,12.06,1.6098,1,1,0,1,0
405,35.35,4.26,4,18.97,2.73,0.1315,1,1,1,0,0
406,439.0,10.35,3,26.62,15.07,0.2771,1,0,1,1,0
407,22.68,21.78,6,26.54,4.67,1.6244,1,1,1,1,0
408,49.76,9.8,1,6.78,9.6,0.5418,0,1,1,1,0
409,3731.05,19.29,3,53.2,109.28,6.1581,0,1,0,1,1
410,78.23,23.79,3,32.61,5.15,1.7245,1,1,1,0,0
411,207.2,8.26,5,39.21,9.7,0.8034,1,1,0,1,0
412,69.9,9.61,2,43.21,2.47,0.5366,1,0,0,1,0
413,307.4,22.21,3,34.26,1.14,0.8393,0,0,0,0,0
414,1352.31,23.12,0,216.88,125.72,7.796,0,1,1,1,1
415,410.29,12.25,5,32.05,8.84,0.4832,1,1,0,1,0
416,85.57,8.47,3,1.9,4.86,0.1005,1,0,0,0,0
417,100.95,5.43,1,0.87,14.1,1.8464,1,1,0,0,0
418,202.57,19.26,2,0.33,3.58,1.0619,0,1,0,0,0
419,406.76,16.35,4,28.79,13.91,1.9355,1,1,0,0,0
420,241.5,22.92,4,12.97,7.72,1.5984,1,1,0,0,0
421,350.71,11.43,2,13.24,5.82,0.858,1,0,1,0,0
422,287.28,5.63,1,9.22,14.95,1.8675,1,1,1,0,0
423,104.18,16.21,5,10.22,5.07,1.2753,1,0,0,0,0
424,4.31,20.84,3,42.87,19.16,1.7112,1,1,0,1,0
425,382.37,11.47,4,25.61,8.02,1.5253,1,0,1,0,0
426,1769.08,16.53,0,437.18,157.42,5.6576,0,1,1,1,1
427,190.33,11.31,4,5.13,7.3,1.7375,1,1,0,0,0
428,92.77,4.32,1,21.25,8.44,1.5292,1,1,0,0,0
429,343.32,19.19,5,40.73,14.44,1.6278,1,1,0,0,0
430,403.03,13.49,4,8.91,10.04,1.9916,1,1,0,0,0
431,539.93,8.03,2,123.5,50.94,4.0343,1,0,1,1,1
432,279.19,15.59,4,40.52,6.95,0.8823,1,1,1,1,0
433,390.37,6.87,5,17.82,13.5,1.0262,1,0,0,1,0
434,434.26,8.24,2,32.06,18.58,0.9015,1,0,0,0,0
435,146.39,12.5,3,13.45,12.93,0.6154,1,1,1,1,0
436,92.76,2.47,0,1.25,14.58,1.3578,0,1,0,0,0
437,237.12,3.73,5,2.79,15.44,1.0956,0,0,0,1,0
438,195.53,0.69,5,11.54,14.78,0.942,1,1,1,0,0
439,457.72,12.94,4,43.23,9.4,1.7547,1,1,0,1,0
440,315.89,5.45,0,31.83,11.32,1.0946,1,1,0,1,0
441,183.53,12.84,5,13.06,6.14,0.1002,1,1,0,0,0
442,473.53,8.96,3,23.91,0.28,0.9178,1,1,0,1,0
443,219.12,10.13,1,12.57,14.33,1.3274,1,1,0,0,0
444,400.18,4.38,2,30.7,13.91,0.6165,1,1,0,0,0
445,228.22,23.26,0,22.69,14.04,1.0348,1,0,0,0,0
446,52.03,11.84,2,13.53,14.33,1.4815,1,0,0,0,0
447,393.08,1.34,6,24.97,7.49,1.4242,0,1,0,0,0
448,272.05,5.97,6,9.16,17.92,0.5752,1,0,0,1,0
449,124.33,16.35,2,49.73,4.06,1.4971,0,1,0,0,0
450,80.15,7.17,2,36.44,14.92,1.1442,0,1,0,1,0
451,431.97,14.03,3,10.97,2.35,1.3025,1,0,0,0,0
452,5.46,3.78,0,2.2,15.69,1.003,1,1,0,0,0
453,169.87,18.99,1,48.49,15.22,0.2141,1,1,1,1,0
454,159.05,9.06,5,27.96,12.93,0.7599,1,1,0,1,0
455,449.43,13.04,2,24.32,8.81,0.66,1,1,1,0,0
456,138.39,19.66,4,41.58,18.3,1.1536,0,1,0,0,0
457,1.36,7.69,0,31.94,7.64,0.4525,0,1,1,0,0
458,269.94,15.38,0,19.44,10.53,1.0453,1,1,0,0,0
459,3311.51,4.6,0,69.7,188.18,3.4291,0,0,0,1,1
460,418.31,14.54,0,32.93,10.56,1.4325,1,0,0,0,0
461,4609.12,13.39,3,345.09,186.4,8.6566,0,1,0,1,1
462,397.33,23.04,0,3.01,12.38,1.1051,0,1,0,0,0
463,116.28,18.38,4,19.33,3.94,1.3481,1,1,1,0,0
464,229.9,15.77,4,33.3,17.67,0.4169,1,1,1,0,0
465,222.06,10.33,5,17.68,6.37,1.9838,1,1,0,1,0
466,121.12,23.03,0,27.33,7.56,1.1455,1,1,0,0,0
467,491.5,5.15,2,29.83,10.4,1.9875,1,0,0,0,0
468,4118.6,0.91,2,360.37,62.43,6.4293,1,1,0,0,1
469,133.23,13.65,1,44.49,5.07,0.5869,1,0,1,0,0
470,362.07,19.39,3,39.67,3.54,1.6688,0,1,0,1,0
471,326.82,15.66,4,396.91,76.11,8.5371,0,0,0,1,1
472,317.31,16.74,1,31.65,1.18,1.0963,1,1,0,1,0
473,3671.31,6.95,3,226.8,94.67,6.7611,1,0,0,1,1
474,168.75,10.42,5,23.85,14.93,1.1415,1,0,0,1,0
475,68.3,6.39,3,28.01,9.81,1.3393,1,1,0,0,0
476,462.14,14.25,0,4.57,13.47,0.9047,1,1,0,0,0
477,85.46,4.79,2,17.55,16.45,1.6253,1,1,0,0,0
478,364.51,16.64,0,4.38,14.82,0.5618,1,1,0,0,0
479,236.12,23.81,5,16.66,14.83,0.5026,1,1,1,1,0
480,10.18,18.93,4,29.19,13.3,0.1826,1,0,0,0,0
481,233.02,20.81,5,47.26,1.43,1.3547,1,0,0,0,0
482,489.92,12.01,3,25.48,14.22,1.8174,1,0,0,0,0
483,356.52,0.44,5,2.08,18.45,0.6794,1,1,1,0,0
484,312.99,22.65,2,11.89,19.57,1.0524,0,1,0,0,0
485,171.55,3.66,2,19.7,2.83,1.4868,1,1,0,1,0
486,165.31,16.92,4,27.16,4.21,0.3633,1,1,0,1,0
487,215.6,12.79,5,45.46,15.42,1.3468,1,1,0,1,0
488,159.48,17.89,6,43.99,14.57,1.5543,1,1,0,0,0
489,466.69,6.4,4,13.76,15.6,0.3029,1,0,1,1,0
490,298.58,11.25,5,11.62,0.62,0.251,1,1,1,1,0
491,426.21,22.8,1,24.62,2.84,0.4672,0,1,0,0,0
492,494.13,20.79,1,37.91,1.42,1.8615,1,1,1,0,0
493,388.33,10.83,6,30.44,16.5,1.4684,1,0,1,0,0
494,439.01,23.09,1,12.36,10.8,1.9693,0,1,1,1,0
495,199.62,16.55,1,15.3,16.57,0.9766,1,1,1,0,0
496,323.4,10.82,1,4.61,10.06,0.4416,1,1,0,0,0
497,448.41,2.96,0,44.8,17.66,0.2713,1,1,1,1,0
498,317.4,1.05,1,4.36,14.17,1.4811,1,1,1,0,0
499,283.18,7.43,6,33.01,3.09,1.7508,1,0,0,0,0
500,145.1,11.94,3,9.12,17.98,1.9248,0,1,0,0,0
501,3.87,1.9,4,44.15,4.83,1.2188,1,1,0,0,0
502,4416.73,1.32,2,175.15,129.44,8.561,0,0,0,0,1
503,4276.45,23.84,1,350.15,169.22,4.3875,0,0,0,1,1
504,305.93,8.64,0,34.61,11.94,1.5959,1,1,1,1,0
505,1531.51,11.29,0,215.86,82.0,2.5413,0,1,0,1,1
506,137.93,23.49,4,26.4,10.54,1.4221,0,0,1,1,0
507,242.35,6.23,4,34.46,18.68,1.9739,1,1,1,0,0
508,177.57,5.58,2,6.57,11.3,1.0874,1,1,0,1,0
509,1.79,8.01,4,1.3,12.55,0.3241,1,1,0,0,0
510,106.96,13.19,6,32.07,13.83,0.5834,0,1,0,1,0
511,3444.89,20.0,5,203.61,147.64,6.9279,0,0,0,1,1
512,237.78,22.26,0,1.87,2.8,0.3952,1,1,0,0,0
513,150.37,23.26,2,36.28,6.38,1.1182,1,1,0,0,0
514,170.24,20.74,6,18.82,10.73,0.4153,1,1,1,0,0
515,429.05,5.19,2,35.52,5.5,0.2649,1,1,0,0,0
516,187.73,4.56,3,1.97,4.12,0.2759,0,1,1,0,0
517,262.29,11.02,5,38.8,2.95,1.7564,1,1,1,0,0
518,58.8,2.47,6,15.62,0.98,1.7114,0,1,0,0,0
519,156.93,6.64,2,28.92,6.31,1.7951,1,1,0,0,0
520,335.89,13.18,2,13.71,3.23,0.3175,0,1,1,0,0
521,352.47,0.7,5,14.24,4.97,0.2354,1,1,0,0,0
522,1948.82,8.53,2,88.75,84.46,7.6374,1,1,1,1,1
523,356.74,11.23,3,33.58,10.72,1.95,1,1,0,1,0
524,322.56,4.4,5,38.35,9.46,1.9002,1,1,0,0,0
525,430.54,20.29,2,16.31,9.8,0.2242,0,1,0,0,0
526,302.62,1.7,2,6.46,2.15,1.6534,0,1,1,1,0
527,201.01,5.0,5,20.73,12.46,1.1411,1,1,0,0,0
528,392.37,1.87,5,21.82,15.77,1.1346,1,1,1,1,0
529,243.83,1.67,0,29.65,9.31,1.1547,1,1,0,0,0
530,298.61,21.29,6,41.01,6.62,1.3255,0,0,0,0,0
531,1.09,16.35,2,7.42,3.07,1.1094,1,1,0,0,0
532,397.38,14.67,4,34.01,18.38,1.8797,1,0,1,0,0
533,64.65,19.69,2,14.78,7.45,1.1429,0,0,1,1,0
534,141.82,10.44,1,1.66,8.69,1.2213,1,1,0,0,0
535,237.96,3.01,0,9.49,7.75,1.8565,1,1,0,1,0
536,127.75,19.33,6,374.6,102.47,5.4939,0,0,0,1,1
537,394.68,5.42,3,30.26,8.57,0.4416,1,1,0,0,0
538,289.39,13.63,5,42.36,4.81,1.0533,1,1,0,0,0
539,290.55,12.56,4,48.09,1.69,1.4874,1,1,1,0,0
540,2388.64,1.27,2,383.76,192.48,2.6247,1,1,1,1,1
541,6.38,6.94,0,22.76,18.13,1.1905,1,1,0,0,0
542,299.22,15.75,2,15.27,15.72,0.5948,1,1,1,0,0
543,312.53,6.74,6,14.41,1.74,1.0606,1,1,0,1,0
544,370.97,18.77,1,30.23,18.21,1.504,1,1,0,0,0
545,399.89,18.48,1,43.11,6.92,0.2604,1,1,0,0,0
546,363.27,4.02,3,8.45,11.6,1.6995,0,1,0,0,0
547,238.66,12.73,3,47.42,18.46,0.544,1,1,0,0,0
548,4639.75,15.29,6,251.97,138.91,9.6941,1,0,0,1,1
549,459.1,9.38,6,42.93,6.77,0.6075,0,1,1,1,0
550,121.66,16.14,6,33.63,15.43,1.0879,1,1,1,0,0
551,2085.68,0.82,4,286.37,140.24,4.8121,1,0,1,0,1
552,4695.6,20.55,1,345.47,168.74,9.6039,1,0,0,0,1
553,382.17,11.2,0,32.43,16.08,0.4511,0,1,0,0,0
554,461.43,6.65,0,13.89,8.6,1.8164,1,1,0,0,0
555,166.99,14.64,1,3.1,19.12,0.6029,1,0,0,0,0
556,55.11,2.48,0,27.08,8.68,1.2665,0,1,1,0,0
557,3651.35,15.94,2,399.76,13.57,5.9816,1,1,0,0,1
558,165.59,20.25,6,19.63,0.17,1.4445,1,1,0,0,0
559,35.98,22.43,2,11.37,7.75,1.4096,1,0,1,1,0
560,152.11,18.24,2,2.85,19.94,1.3294,1,1,0,0,0
561,89.13,8.62,0,2.06,7.74,0.4629,1,0,1,1,0
562,219.55,19.02,5,9.55,0.81,0.1482,1,1,0,0,0
563,267.44,18.9,0,41.73,9.04,1.9921,0,1,0,0,0
564,106.63,17.64,3,32.73,10.51,1.8862,1,1,0,0,0
565,236.14,1.2,2,45.91,1.01,1.4325,1,0,0,1,0
566,49.55,19.17,1,30.6,16.72,0.2215,0,0,0,1,0
567,1053.07,13.82,1,201.8,168.82,7.9034,0,0,0,1,1
568,482.38,18.17,1,10.74,1.01,0.4296,0,0,0,0,0
569,277.15,21.1,0,21.99,18.52,0.1773,0,1,0,0,0
570,938.09,3.04,1,90.11,133.83,9.0953,0,1,1,1,1
571,262.02,14.68,0,20.66,18.77,1.26,0,1,1,0,0
572,391.51,20.7,4,17.46,0.19,0.5477,0,0,1,0,0
573,232.64,11.94,1,31.36,4.24,0.2008,0,1,1,0,0
574,22.51,17.76,4,32.28,5.77,0.9259,1,1,0,0,0
575,392.96,17.92,2,24.3,2.41,1.8007,1,1,0,0,0
576,55.96,11.3,3,11.47,4.82,0.8839,1,1,0,0,0
577,2207.53,4.66,2,147.27,125.79,3.4245,0,0,1,1,1
578,101.9,10.03,6,6.45,13.87,0.2133,1,0,0,0,0
579,443.32,20.56,3,30.22,15.81,1.3122,1,1,0,0,0
580,109.0,10.42,1,23.73,9.31,0.1276,1,1,0,0,0
581,296.29,18.44,0,7.53,11.52,0.1096,0,0,0,1,0
582,197.77,18.07,5,40.5,13.96,0.2862,1,1,0,1,0
583,475.02,7.31,5,6.72,5.99,1.3305,0,0,0,1,0
584,285.62,15.04,5,29.22,19.53,0.9811,1,1,0,0,0
585,430.33,16.75,4,3.63,17.88,0.7325,0,1,0,0,0
586,397.44,9.19,3,39.41,1.71,1.7736,0,1,0,0,0
587,183.42,12.95,5,8.85,11.22,0.2273,1,1,0,0,0
588,469.63,12.08,3,29.05,19.19,0.4986,1,1,0,0,0
589,32.62,16.27,4,17.33,9.78,1.1007,0,1,1,1,0
590,226.54,1.92,1,18.47,13.5,1.4171,0,1,0,0,0
591,478.36,22.84,0,5.56,5.59,1.4245,1,1,0,1,0
592,484.82,1.51,6,27.12,2.73,0.7587,1,0,0,0,0
593,417.64,16.72,6,26.03,6.78,1.1995,1,1,1,1,0
594,229.55,23.29,6,28.41,17.98,0.6823,1,1,0,0,0
595,75.02,20.14,5,14.29,19.13,1.2754,1,1,0,0,0
596,397.43,4.43,4,8.15,2.43,1.9882,1,1,0,0,0
597,333.11,9.71,3,48.9,3.04,0.952,1,1,0,0,0
598,473.95,23.26,6,46.4,3.21,1.9433,1,1,0,0,0
599,287.29,17.55,0,7.44,11.35,1.8231,1,1,1,0,0
600,275.93,1.32,5,15.47,8.09,1.6977,1,1,0,0,0
601,263.69,22.97,4,39.09,15.37,0.4719,0,1,1,1,0
602,245.74,20.48,2,30.2,10.28,0.2065,1,1,0,1,0
603,7.08,17.79,3,17.31,6.23,0.9466,0,1,1,0,0
604,145.03,2.07,1,40.3,19.41,0.9053,1,1,1,1,0
605,494.2,15.32,2,26.31,6.77,1.873,1,0,0,0,0
606,278.35,11.77,6,35.54,15.13,0.3602,1,1,0,1,0
607,417.46,7.2,5,15.27,11.23,0.9806,0,0,0,0,0
608,236.8,18.35,3,32.73,17.86,0.8926,1,1,0,0,0
609,34.3,8.95,5,37.3,11.66,1.1746,1,1,1,0,0
610,422.79,6.54,3,8.23,1.26,0.7074,1,1,0,0,0
611,477.62,18.34,4,2.53,5.9,1.314,0,1,1,0,0
612,272.31,16.51,0,43.63,16.55,1.4014,1,1,1,1,0
613,176.46,2.46,1,7.27,2.83,0.6347,1,1,0,0,0
614,415.96,2.8,1,39.78,11.22,1.4103,0,1,0,0,0
615,240.28,0.69,6,15.65,7.32,1.6524,1,1,1,0,0
616,65.23,16.57,6,34.74,13.79,0.6841,1,1,0,0,0
617,10.38,21.8,0,24.26,8.68,0.4731,0,0,0,0,0
618,3354.55,16.09,0,389.55,158.65,9.3608,0,1,0,0,1
619,4237.01,13.68,0,473.83,190.27,4.7827,0,1,0,1,1
620,381.86,22.17,4,26.49,14.34,1.9321,1,0,1,0,0
621,237.88,10.17,4,34.94,3.78,1.3797,0,1,0,0,0
622,57.31,6.92,5,49.23,2.56,0.3096,1,1,0,1,0
623,1674.17,13.29,2,102.08,63.89,6.8031,0,1,1,0,1
624,214.55,11.79,0,42.85,17.91,1.6246,1,1,0,1,0
625,261.81,23.4,2,33.86,2.47,0.8501,0,1,0,0,0
626,422.17,14.24,6,20.27,4.73,0.9069,1,1,1,1,0
627,322.27,3.54,3,20.07,9.57,1.246,1,1,1,0,0
628,126.09,16.27,1,24.91,12.6,0.3558,0,0,0,0,0
629,339.92,7.04,3,7.72,12.48,0.283,0,1,0,0,0
630,131.57,10.8,6,17.25,17.21,1.1386,0,1,0,0,0
631,230.37,3.23,5,1.74,11.18,1.7347,1,1,0,0,0
632,382.24,12.16,3,28.49,9.86,1.1522,1,1,1,0,0
633,295.93,14.17,1,18.95,13.56,1.5563,1,1,0,0,0
634,175.09,8.28,2,37.13,0.64,1.7936,1,1,0,0,0
635,29.17,8.1,0,12.29,4.77,0.693,0,0,0,0,0
636,19.65,11.27,0,32.92,8.51,1.078,1,1,0,1,0
637,189.49,12.06,6,19.58,11.49,1.6358,0,1,0,0,0
638,84.15,1.14,4,15.05,19.39,0.4833,0,1,0,0,0
639,113.72,13.59,4,37.17,1.93,1.704,0,1,0,0,0
640,105.66,7.52,3,39.8,13.07,0.6735,1,1,1,1,0
641,312.86,5.11,6,22.72,15.29,0.4431,0,1,1,0,0
642,234.18,8.74,1,46.86,10.7,1.2674,1,0,1,0,0
643,373.47,19.76,5,38.3,16.9,0.8795,0,1,0,0,0
644,343.74,11.64,3,11.88,4.85,0.3849,0,1,0,0,0
645,452.92,23.12,3,10.18,5.53,0.1554,1,1,1,0,0
646,28.61,15.77,0,44.84,6.35,0.6662,0,1,0,1,0
647,420.07,5.71,0,42.15,4.8,1.1848,0,1,0,0,0
648,157.39,2.56,1,41.63,14.77,1.6311,1,1,0,0,0
649,220.3,10.17,5,12.79,11.83,1.0317,1,0,0,1,0
650,139.59,23.19,4,39.24,2.98,1.0029,1,1,0,1,0
651,3710.28,9.23,5,409.52,20.39,9.3397,1,0,1,1,1
652,182.06,22.25,2,40.63,2.53,1.7472,1,1,0,0,0
653,468.22,21.1,6,37.86,6.02,1.7329,1,1,1,0,0
654,394.87,22.23,2,13.77,1.69,1.581,1,1,1,0,0
655,438.5,17.49,4,41.03,16.51,1.4271,0,1,0,1,0
656,227.18,4.8,2,1.46,1.14,1.319,1,1,0,0,0
657,42.03,11.48,5,7.98,10.38,1.9424,1,1,0,0,0
658,87.57,9.44,3,29.69,6.62,0.6354,0,1,0,0,0
659,442.29,6.28,6,11.3,18.97,1.8539,1,0,0,0,0
660,201.12,0.34,4,21.5,5.28,0.2692,1,1,1,0,0
661,460.07,17.91,3,22.74,13.5,0.3252,1,1,0,0,0
662,428.31,19.01,0,30.04,19.9,0.6376,1,1,0,0,0
663,131.64,3.2,2,30.92,18.16,0.8023,1,0,0,0,0
664,199.38,1.41,2,10.69,7.73,0.9043,1,0,0,1,0
665,236.0,14.87,2,17.78,12.17,1.3745,0,0,0,1,0
666,335.96,11.82,2,6.7,17.86,0.1781,1,1,0,1,0
667,66.83,11.98,6,15.93,10.66,0.3694,0,1,0,0,0
668,180.94,7.57,3,21.56,18.07,0.6001,1,1,0,0,0
669,76.48,5.51,0,42.67,13.18,1.6166,0,1,0,0,0
670,82.61,23.72,4,23.41,2.41,1.8008,1,0,0,0,0
671,247.0,20.03,5,42.31,17.35,0.3349,0,1,0,0,0
672,137.12,5.91,3,44.56,11.75,1.2087,0,1,0,0,0
673,443.8,20.08,1,1.4,13.66,1.3932,1,1,1,0,0
674,2328.15,23.26,5,368.47,101.17,7.0269,0,1,0,1,1
675,227.1,6.79,6,47.38,20.0,1.8231,1,1,0,1,0
676,400.08,0.49,1,478.36,82.46,5.1909,0,0,1,0,1
677,389.97,17.65,2,14.32,15.08,1.3427,0,1,0,0,0
678,302.15,11.43,4,18.02,2.01,0.7982,1,1,0,0,0
679,46.02,8.2,3,21.18,7.43,0.4541,1,0,0,1,0
680,324.16,1.9,6,35.71,18.62,1.1018,0,1,0,0,0
681,75.15,13.22,0,6.48,18.07,1.6989,1,1,1,0,0
682,255.82,1.96,4,20.71,9.35,1.4686,1,1,0,1,0
683,3715.56,7.14,4,258.3,159.37,8.7433,0,0,1,1,1
684,378.92,17.92,4,22.55,16.18,0.7485,1,1,0,0,0
685,337.03,11.04,3,21.75,0.46,0.8504,0,1,1,0,0
686,482.94,3.0,0,30.13,9.79,1.2751,1,1,0,0,0
687,408.17,10.45,5,34.83,3.85,0.1509,1,1,1,0,0
688,269.75,21.65,5,4.4,15.42,0.3815,1,0,0,0,0
689,481.97,1.22,0,23.63,17.21,1.2119,1,1,1,0,0
690,423.97,11.66,4,21.65,8.37,1.0418,1,0,0,0,0
691,467.71,7.58,0,45.26,17.37,0.5406,0,0,0,1,0
692,324.5,0.5,2,44.47,2.43,1.2831,1,1,1,0,0
693,235.15,17.34,3,21.96,10.2,1.2166,1,1,0,0,0
694,416.71,17.97,5,33.69,14.72,1.6123,1,1,0,1,0
695,87.47,13.36,0,7.9,9.89,1.6076,1,1,0,0,0
696,131.14,2.73,1,33.88,3.58,1.733,0,0,0,0,0
697,112.82,20.96,4,12.97,6.87,0.775,0,1,0,1,0
698,353.5,18.76,0,46.34,8.81,0.9686,0,0,1,1,0
699,21.94,16.99,6,5.36,12.64,1.7547,1,1,1,0,0
700,366.54,23.26,6,5.05,12.98,0.7358,1,0,0,0,0
701,123.41,18.11,2,40.48,6.89,1.0595,0,1,0,1,0
702,123.48,21.54,6,37.68,10.64,1.5957,1,1,0,0,0
703,341.42,9.64,6,47.19,8.91,1.5633,0,0,0,0,0
704,31.67,21.25,5,37.98,13.24,1.3188,0,1,0,0,0
705,152.86,10.7,1,37.16,18.19,0.115,1,1,1,0,0
706,312.56,0.89,2,30.95,8.9,0.756,1,1,0,0,0
707,359.72,7.49,2,44.01,10.46,1.1275,1,0,1,1,0
708,80.85,23.68,0,1.49,15.95,1.2258,1,1,1,0,0
709,420.95,17.68,3,13.06,10.2,0.3352,0,1,0,1,0
710,118.81,16.0,6,37.31,11.67,1.4578,1,1,0,0,0
711,336.54,2.35,5,35.75,10.44,0.5705,1,1,0,0,0
712,206.61,16.24,3,4.7,8.56,0.3471,1,1,0,0,0
713,259.95,17.55,3,19.8,5.35,1.0478,1,1,1,0,0
714,73.03,0.78,1,6.44,14.25,0.3458,0,1,0,0,0
715,185.3,0.97,1,47.6,12.07,0.8764,0,1,1,0,0
716,153.16,1.17,2,18.79,5.95,0.1532,1,1,1,0,0
717,108.58,11.54,2,40.97,9.83,0.3324,1,0,0,0,0
718,450.24,11.06,3,39.09,9.56,1.4681,1,1,1,1,0
719,75.34,8.13,0,36.42,1.88,1.2871,1,1,0,0,0
720,445.13,2.97,4,36.82,12.95,1.7453,0,1,1,1,0
721,4778.08,21.52,0,293.83,153.95,9.6583,1,0,1,1,1
722,266.4,7.69,4,48.12,5.57,0.491,1,0,1,1,0
723,4316.77,2.18,0,60.47,93.03,5.3195,1,0,1,1,1
724,143.39,23.06,1,9.22,15.39,0.393,1,1,0,1,0
725,339.58,1.24,1,225.47,70.81,5.3026,0,0,1,0,1
726,293.43,11.15,3,24.7,15.07,0.8316,0,1,0,0,0
727,193.09,18.3,5,335.09,183.61,2.149,1,1,0,0,1
728,153.0,23.64,6,20.4,1.77,1.308,1,1,0,1,0
729,476.35,0.01,3,48.07,11.15,0.1794,1,1,1,0,0
730,126.19,17.73,4,34.03,19.98,1.7006,1,1,0,0,0
731,494.09,12.11,6,364.29,167.79,7.8006,0,0,0,1,1
732,341.37,23.58,2,17.2,5.3,1.5301,1,1,0,1,0
733,479.54,16.14,3,16.49,18.29,0.3541,0,1,0,0,0
734,348.55,16.13,2,24.5,7.92,0.2542,0,0,1,0,0
735,188.81,22.46,3,30.11,7.8,1.6944,0,0,0,0,0
736,3728.57,5.31,3,391.29,139.31,7.6736,0,0,1,1,1
737,19.36,2.66,2,24.69,14.11,1.2515,0,1,1,0,0
738,247.51,17.9,1,27.63,13.23,1.1748,1,0,1,0,0
739,285.38,12.79,2,11.48,10.51,1.5863,1,0,1,1,0
740,441.67,6.57,5,0.2,8.6,1.3789,0,1,0,0,0
741,248.29,10.77,0,25.91,0.96,1.4703,0,1,0,1,0
742,168.02,4.72,2,44.02,16.17,1.9815,1,1,0,0,0
743,313.37,11.36,2,4.93,9.65,1.6353,1,1,0,0,0
744,411.0,13.89,0,26.03,4.81,0.2385,1,0,1,0,0
745,458.44,7.23,5,18.93,17.81,1.4174,1,0,0,0,0
746,51.81,5.59,4,2.88,1.14,1.7149,1,0,1,0,0
747,312.38,18.78,3,22.73,9.34,0.9134,0,1,1,1,0
748,294.32,6.15,3,5.49,0.34,1.4553,1,1,1,1,0
749,310.8,12.31,5,9.38,2.84,0.1837,1,1,1,0,0
750,156.28,23.28,4,44.27,15.53,0.3801,1,1,0,0,0
751,339.47,23.43,5,2.96,10.19,1.6868,0,1,0,0,0
752,392.85,23.1,4,17.14,13.39,1.4201,1,1,1,1,0
753,164.98,5.35,1,5.33,17.53,1.83,1,1,0,1,0
754,107.36,19.82,0,24.09,15.39,1.6478,1,1,0,0,0
755,37.79,4.78,2,1.6,2.39,0.6521,1,1,0,0,0
756,442.81,20.22,0,35.97,6.86,1.1536,1,1,0,0,0
757,3403.39,8.87,2,220.52,159.61,2.8878,0,0,1,0,1
758,470.64,19.07,1,48.86,19.95,1.7752,0,0,0,0,0
759,347.48,18.94,2,15.97,8.65,1.3087,0,1,1,0,0
760,315.1,18.82,6,14.08,2.62,1.0657,1,1,1,0,0
761,33.37,4.29,5,25.48,15.05,1.3256,1,1,1,0,0
762,347.56,21.47,3,35.81,9.95,0.6098,1,0,0,0,0
763,198.55,3.22,0,15.37,17.79,1.1856,1,1,1,0,0
764,259.89,10.38,2,11.59,0.92,1.0733,1,1,0,0,0
765,159.19,20.21,4,19.18,3.67,0.5442,0,1,0,0,0
766,40.0,8.01,5,13.89,4.63,0.3253,1,0,1,0,0
767,152.06,6.76,2,40.8,13.7,0.6215,1,1,0,0,0
768,202.5,5.44,5,20.35,11.64,1.3451,1,1,0,0,0
769,117.63,20.29,3,29.39,11.1,0.9906,1,1,0,0,0
770,349.27,7.33,5,10.56,9.05,1.161,1,1,1,0,0
771,4061.49,14.08,4,425.43,74.57,5.3532,1,0,1,1,1
772,461.15,1.53,3,7.77,19.06,0.7275,1,1,0,0,0
773,55.21,13.26,0,28.52,9.09,1.8,0,1,0,1,0
774,302.08,6.98,4,1.44,4.06,1.8316,1,1,0,0,0
775,334.39,3.1,3,283.34,42.65,8.8777,0,0,0,0,1
776,35.31,15.95,1,47.76,17.33,0.3469,1,1,0,1,0
777,469.64,10.69,6,29.42,10.1,1.4012,1,1,0,0,0
778,403.98,17.69,2,26.34,18.22,1.7706,1,1,1,0,0
779,459.53,4.31,4,17.4,16.87,1.6055,1,1,0,0,0
780,229.46,6.57,5,45.55,3.75,1.1804,1,0,0,0,0
781,333.66,23.88,0,3.43,14.56,1.8142,1,1,1,0,0
782,252.69,1.76,5,39.0,8.26,0.4132,1,0,0,0,0
783,231.49,17.01,1,17.25,8.05,0.4694,0,0,0,0,0
784,374.59,19.68,6,24.29,1.46,1.142,1,1,0,0,0
785,419.41,18.32,5,30.39,3.63,0.3359,1,1,0,1,0
786,220.89,20.07,6,8.98,14.32,1.7961,1,1,1,0,0
787,331.61,1.17,3,33.04,2.15,1.4117,1,0,1,0,0
788,464.48,19.68,5,18.79,4.85,0.2736,1,0,0,0,0
789,111.06,12.29,6,44.13,15.96,1.6779,1,1,0,0,0
790,281.47,2.54,2,9.56,4.22,1.1292,1,0,0,0,0
791,201.67,8.85,0,15.88,7.84,0.9717,0,1,1,1,0
792,206.14,7.78,5,38.4,10.04,1.9819,1,1,0,1,0
793,339.27,0.42,4,48.62,13.91,0.7309,1,1,0,0,0
794,256.0,18.21,0,37.12,10.12,1.4388,0,1,0,1,0
795,369.22,3.64,1,37.89,12.43,0.2139,1,1,0,0,0
796,119.79,15.44,6,36.29,19.77,0.9431,1,1,0,0,0
797,3969.31,5.81,4,236.7,164.42,8.0044,0,1,1,1,1
798,4592.51,7.72,3,494.77,162.28,7.5702,0,1,1,1,1
799,33.24,4.17,4,24.63,19.08,0.199,1,1,0,0,0
800,465.97,5.88,1,11.89,1.66,1.4775,1,1,1,0,0
801,152.25,9.06,3,28.86,19.36,0.4827,1,0,0,0,0
802,253.14,20.49,6,36.77,15.23,1.6572,1,0,0,0,0
803,150.82,6.79,4,26.91,11.1,0.4338,1,1,0,0,0
804,36.9,17.52,2,6.92,9.44,0.394,1,0,0,1,0
805,462.92,1.71,0,47.02,19.41,0.809,1,1,1,1,0
806,63.11,11.72,5,46.61,3.33,1.5496,1,1,1,1,0
807,29.79,16.95,0,19.33,8.54,0.5689,1,0,0,1,0
808,323.02,22.83,6,13.14,9.16,1.394,1,1,1,1,0
809,59.25,19.91,2,4.71,14.26,0.8303,0,1,0,0,0
810,250.82,13.74,6,26.71,17.74,1.2136,1,0,0,1,0
811,72.21,0.04,0,37.46,18.61,0.8561,1,0,0,0,0
812,209.5,3.22,3,20.9,5.84,0.9188,1,1,0,1,0
813,474.29,23.58,6,22.59,16.31,0.4527,0,1,0,0,0
814,313.79,6.64,2,31.26,17.38,0.4156,1,0,0,0,0
815,1212.16,5.06,6,268.34,154.5,2.0761,0,0,0,0,1
816,3034.78,8.9,2,494.1,154.66,9.457,0,0,1,1,1
817,408.61,0.07,6,47.06,13.34,0.819,0,1,0,0,0
818,362.88,14.83,5,44.41,2.86,1.2436,1,1,0,0,0
819,257.94,20.95,6,33.05,0.16,1.3123,1,0,1,0,0
820,339.29,23.68,6,11.75,9.74,1.5045,0,1,0,0,0
821,51.13,7.23,5,19.3,12.18,1.4527,0,1,0,0,0
822,493.62,4.09,5,23.39,17.94,1.9146,1,1,0,0,0
823,53.63,17.25,5,49.67,0.68,1.8651,1,1,0,0,0
824,448.86,20.92,4,6.24,2.8,1.1156,1,0,1,0,0
825,300.74,6.22,2,32.23,7.6,1.4631,1,1,0,0,0
826,491.24,20.47,3,383.26,188.07,7.9569,0,1,1,0,1
827,1.84,22.4,1,3.19,10.76,1.7095,1,1,0,1,0
828,301.21,20.08,3,11.18,7.97,1.1228,1,1,0,0,0
829,74.57,23.76,0,14.24,14.97,1.7133,0,1,0,1,0
830,423.99,3.66,5,28.74,12.66,0.5098,1,1,0,0,0
831,366.6,7.18,6,40.54,14.04,0.1999,1,1,1,0,0
832,424.41,1.72,5,49.55,11.0,0.7411,1,1,0,0,0
833,348.49,20.39,5,9.84,17.14,0.8482,1,1,1,0,0
834,327.66,4.69,5,28.9,8.89,1.0166,1,1,0,1,0
835,3643.49,20.19,0,309.06,138.88,9.9079,0,0,1,1,1
836,4872.09,15.04,3,130.83,19.97,9.8422,1,0,1,0,1
837,60.28,15.8,6,19.89,6.12,1.2327,1,1,1,1,0
838,409.28,2.93,5,19.17,12.68,0.9457,0,0,0,0,0
839,255.36,9.21,5,1.25,11.5,1.188,1,0,1,0,0
840,149.88,9.45,6,6.35,6.57,1.4562,1,1,1,0,0
841,406.29,4.33,4,24.48,10.43,1.211,0,1,1,0,0
842,3.66,6.16,6,22.42,6.35,0.1744,1,1,0,1,0
843,4900.65,7.21,4,277.77,79.08,6.3554,0,1,0,0,1
844,147.41,12.25,5,26.75,2.88,1.0318,1,1,1,1,0
845,4107.83,8.61,1,156.7,45.73,4.3977,0,0,0,1,1
846,211.59,22.66,5,27.54,5.29,1.3346,1,1,0,0,0
847,347.56,15.54,4,26.84,1.5,1.4921,1,1,1,1,0
848,210.42,2.99,0,7.76,19.85,0.9239,0,1,0,0,0
849,203.98,0.24,3,16.53,1.87,1.8276,1,1,0,0,0
850,111.89,8.37,4,47.59,15.68,0.3347,1,1,0,1,0
851,276.22,16.26,6,30.41,17.94,0.4244,1,1,0,1,0
852,297.71,3.42,4,42.5,9.59,0.3424,0,1,1,0,0
853,27.38,4.39,2,36.3,19.49,1.4443,1,1,1,0,0
854,251.61,22.73,3,13.86,8.61,1.8892,1,1,1,0,0
855,422.78,2.03,2,31.77,1.63,0.5561,0,1,1,0,0
856,246.93,16.44,5,43.73,19.25,0.9056,1,1,0,1,0
857,349.24,17.98,1,20.33,12.36,1.8307,0,1,1,1,0
858,330.93,22.32,6,46.03,19.98,1.8954,0,1,0,1,0
859,113.31,4.09,0,3.85,16.8,1.076,0,1,0,0,0
860,339.85,6.35,0,41.6,17.03,1.7298,1,1,0,0,0
861,284.85,1.38,0,10.95,6.17,1.8729,0,1,1,0,0
862,164.95,2.43,3,17.76,0.2,1.7914,1,1,0,0,0
863,265.02,5.42,3,44.94,8.27,1.8349,0,1,1,0,0
864,182.88,8.49,3,44.62,10.77,0.612,1,1,0,0,0
865,4423.7,7.95,0,369.15,31.03,4.2792,0,0,1,1,1
866,100.3,19.19,5,24.02,13.34,0.605,1,1,1,0,0
867,375.79,19.02,1,39.04,8.06,1.4794,1,1,0,0,0
868,250.5,0.19,3,38.39,4.81,1.3888,1,1,1,1,0
869,243.48,20.73,5,38.07,5.03,0.3897,1,1,0,0,0
870,410.48,15.22,1,10.0,14.16,1.6389,1,1,1,1,0
871,201.24,9.12,4,13.77,3.92,0.3778,0,1,0,0,0
872,317.02,6.46,2,11.65,6.79,1.0105,1,0,0,0,0
873,356.08,7.72,2,12.42,17.91,0.4453,0,0,1,1,0
874,454.33,2.32,0,5.13,3.78,1.9018,1,1,0,0,0
875,385.46,5.04,3,6.6,7.28,1.6391,1,1,1,0,0
876,576.51,10.69,0,333.3,124.35,2.3283,1,0,0,1,1
877,2755.57,3.07,3,204.3,147.82,9.9172,0,1,0,0,1
878,127.01,17.21,3,43.87,17.08,1.8229,1,1,0,1,0
879,2124.07,1.09,4,469.1,105.74,2.175,1,0,0,1,1
880,4863.75,10.5,4,135.59,164.76,5.9602,1,1,0,0,1
881,389.91,0.21,6,20.1,5.5,0.4497,1,1,1,1,0
882,252.41,4.1,0,36.06,5.25,1.7197,1,1,1,0,0
883,146.63,23.51,6,32.02,18.85,0.6277,1,1,0,1,0
884,58.98,6.33,1,32.47,12.69,1.9472,1,0,1,1,0
885,306.13,4.24,0,16.3,1.24,1.6503,1,1,1,0,0
886,489.4,14.5,1,38.93,15.63,0.3022,1,1,1,1,0
887,111.1,17.51,3,13.51,11.68,1.6347,1,1,0,0,0
888,451.18,22.63,1,4.78,3.71,0.4516,1,1,1,0,0
889,11.5,10.23,3,8.23,3.64,0.849,1,0,0,0,0
890,485.22,0.5,6,5.1,10.58,1.4809,0,0,0,0,0
891,4161.06,22.97,0,470.6,35.11,8.1609,0,0,0,0,1
892,409.31,11.49,1,42.65,1.79,0.3645,1,1,0,0,0
893,3475.6,12.27,6,332.37,33.38,8.5994,0,1,1,0,1
894,1.6,9.23,5,11.29,4.61,0.8322,1,1,0,1,0
895,57.09,8.01,2,8.56,2.29,0.2933,1,1,0,1,0
896,460.02,3.6,5,44.79,12.13,0.4383,1,1,1,0,0
897,312.75,19.16,6,14.42,17.52,0.6151,1,1,0,1,0
898,4668.82,2.71,3,116.89,134.61,4.562,0,0,1,0,1
899,139.96,10.17,5,4.61,19.9,0.4456,1,1,0,0,0
900,301.27,11.93,4,31.87,2.85,1.8937,1,1,0,1,0
901,268.57,0.07,6,11.58,1.76,1.4584,1,0,0,0,0
902,2813.95,11.04,6,480.93,184.97,2.4766,0,0,0,1,1
903,485.94,16.89,3,45.66,4.93,1.6729,0,1,0,1,0
904,348.37,0.72,2,21.29,1.18,0.3014,0,1,1,0,0
905,123.28,17.95,5,0.72,16.64,0.8913,1,1,1,0,0
906,235.62,1.44,5,36.16,8.94,1.3252,0,1,0,0,0
907,3768.11,12.04,5,276.48,12.06,8.6614,1,0,1,1,1
908,465.79,1.34,3,13.66,1.93,0.8174,1,1,0,1,0
909,373.25,15.4,6,28.01,16.85,1.6515,1,1,0,1,0
910,28.28,18.68,2,18.64,8.54,0.6128,0,0,0,1,0
911,1446.92,22.29,1,293.71,22.41,6.7769,0,0,0,1,1
912,488.35,22.63,0,28.28,11.32,1.6014,0,0,0,0,0
913,376.09,16.19,2,47.94,10.05,0.6975,1,1,0,1,0
914,370.98,6.96,1,5.14,16.17,0.3854,1,1,1,0,0
915,40.3,23.83,4,31.34,19.06,0.54,1,1,1,0,0
916,364.63,14.96,3,32.6,18.61,0.7487,1,1,0,0,0
917,3578.17,15.06,3,357.29,55.43,9.9761,1,0,0,1,1
918,123.96,7.53,2,394.84,68.81,8.9403,0,0,0,1,1
919,140.78,18.31,3,18.23,1.88,0.4405,1,1,0,0,0
920,71.08,22.0,1,6.29,11.42,0.1752,1,1,0,1,0
921,256.73,1.02,5,31.27,6.34,0.2586,1,1,0,1,0
922,3963.42,13.68,6,364.89,116.55,3.2365,0,0,1,0,1
923,1971.7,2.06,5,258.03,27.77,5.727,1,1,1,0,1
924,479.81,11.67,5,19.91,8.72,0.8629,0,1,0,1,0
925,58.05,0.75,4,22.78,10.95,1.9022,1,1,0,1,0
926,32.14,22.85,5,40.45,15.81,1.9593,1,0,0,0,0
927,126.78,20.9,4,8.89,2.92,0.6204,0,1,1,0,0
928,446.64,4.76,3,9.29,1.17,1.8004,1,1,0,0,0
929,268.22,4.76,5,39.21,19.32,0.9299,1,0,1,1,0
930,308.64,22.4,3,16.25,19.73,1.884,1,0,0,0,0
931,57.69,10.78,4,48.5,8.19,1.0893,0,1,0,1,0
932,1132.18,8.35,1,490.56,89.83,6.3687,0,1,1,0,1
933,288.84,15.57,3,0.82,16.29,0.1308,1,0,1,0,0
934,176.51,10.28,1,41.43,8.57,1.9507,1,0,0,0,0
935,82.17,22.5,6,21.85,5.77,1.3533,1,1,1,1,0
936,483.72,18.03,4,426.76,27.03,2.1314,0,0,1,1,1
937,2248.31,13.23,0,311.56,16.2,4.3192,0,0,0,1,1
938,235.32,18.76,4,6.31,19.36,1.8367,1,1,0,0,0
939,439.92,0.78,0,13.3,16.79,1.6108,1,1,0,0,0
940,187.83,5.8,3,40.85,16.42,1.2399,1,1,1,0,0
941,322.57,9.67,2,41.44,16.05,1.1979,1,1,1,0,0
942,219.26,22.76,1,5.07,16.04,1.0581,1,1,1,0,0
943,176.92,9.17,5,55.19,156.31,3.2244,1,1,0,1,1
944,491.72,20.16,5,31.76,15.57,0.4545,1,1,0,1,0
945,393.24,20.8,0,38.54,13.22,0.6224,1,0,1,1,0
946,298.35,21.9,1,5.44,5.72,1.7997,0,0,0,0,0
947,246.03,9.0,2,1.2,1.56,1.9225,0,1,1,0,0
948,225.99,11.61,4,8.14,6.05,1.8169,0,0,0,0,0
949,3.5,18.26,1,26.14,5.16,0.331,0,0,1,1,0
950,58.28,4.78,0,10.93,6.62,0.5175,1,1,0,0,0
951,276.2,4.75,6,14.79,14.93,1.042,1,1,0,0,0
952,141.26,11.7,3,19.7,11.71,1.5563,1,1,0,1,0
953,373.79,8.97,5,40.81,12.5,1.2539,1,1,1,0,0
954,225.25,22.8,4,44.48,19.17,0.5808,1,1,1,1,0
955,15.94,15.76,2,9.08,6.52,1.6027,1,1,0,0,0
956,157.91,21.56,4,0.58,13.8,1.4619,1,1,1,0,0
957,1453.89,21.42,3,145.48,51.32,6.4877,1,1,0,1,1
958,218.17,10.11,0,40.69,4.04,0.1944,1,1,0,0,0
959,301.11,3.14,3,29.6,4.8,0.1404,0,0,0,0,0
960,2690.66,7.22,2,287.38,74.1,2.1302,0,0,1,1,1
961,200.77,11.84,5,27.87,6.33,1.2634,1,1,1,0,0
962,61.59,23.84,6,18.76,12.4,0.1556,0,0,0,0,0
963,218.41,6.23,6,8.59,3.9,1.8143,1,0,1,0,0
964,287.62,14.0,0,186.93,60.11,7.5034,0,0,0,0,1
965,431.09,12.52,1,37.68,17.77,1.9351,1,1,1,0,0
966,330.97,17.07,2,48.82,6.51,1.4886,1,0,0,0,0
967,436.56,5.1,5,33.01,14.73,0.4912,0,0,0,0,0
968,409.44,15.72,6,9.48,2.18,0.4965,1,1,1,0,0
969,457.15,6.67,1,11.02,7.34,1.9526,1,1,0,0,0
970,475.8,21.45,1,28.9,2.13,0.9758,0,0,0,0,0
971,238.64,3.61,4,26.59,7.1,0.3248,0,1,0,0,0
972,167.54,4.54,1,22.12,7.46,0.1934,1,1,0,0,0
973,265.25,1.27,0,24.73,8.73,1.3942,1,0,0,0,0
974,120.14,5.28,6,26.65,5.58,1.7769,1,1,0,0,0
975,134.87,2.26,4,10.36,15.74,0.7605,1,1,1,0,0
976,311.44,4.0,2,36.98,17.07,1.4071,1,1,1,0,0
977,71.77,16.29,6,0.74,9.54,0.7347,1,1,0,0,0
978,1793.11,13.61,2,263.22,10.19,8.9857,0,0,0,0,1
979,263.11,17.63,4,8.45,3.02,0.2784,1,1,0,0,0
980,243.76,16.45,5,18.28,0.37,0.77,1,1,0,0,0
981,74.8,13.86,5,20.57,4.48,1.9888,1,1,0,0,0
982,180.35,13.07,3,37.24,3.96,1.9141,0,1,1,1,0
983,438.17,22.68,2,8.83,18.22,0.7628,1,1,1,0,0
984,21.51,6.92,0,26.05,6.93,1.2635,1,1,1,0,0
985,343.08,1.55,2,23.37,3.09,1.9367,1,1,0,0,0
986,252.72,15.84,0,177.36,122.68,2.4255,0,0,1,1,1
987,731.71,6.49,5,445.42,159.2,6.0159,1,0,0,1,1
988,293.03,9.27,3,4.13,4.46,0.999,1,1,1,1,0
989,49.97,16.39,1,13.14,6.11,0.6904,1,1,1,0,0
990,208.74,2.3,4,10.06,6.17,0.6649,1,1,0,0,0
991,157.32,11.07,4,46.75,14.28,0.9899,1,1,0,0,0
992,3845.51,14.9,4,89.79,36.71,9.2548,0,1,1,0,1
993,27.71,1.31,6,42.27,2.61,1.3732,1,1,0,0,0
994,54.42,14.02,4,29.76,16.46,1.1743,1,0,0,1,0
995,27.46,15.35,1,10.33,2.97,1.5068,1,1,0,1,0
996,156.13,3.67,0,49.46,0.23,1.0214,1,0,0,0,0
997,124.36,9.71,1,5.27,0.59,1.061,1,0,0,0,0
998,421.02,0.52,1,27.38,16.45,1.3945,0,1,0,1,0
999,329.08,16.01,4,8.62,14.86,1.1387,1,1,0,0,0
1000,334.18,6.8,0,19.62,13.98,0.3039,1,1,0,0,0
