PolicyNumber,Fault,BasePolicy,VehiclePrice,Age,NumberOfSuppliments,AccidentArea,MonthClaimed_cos,Sex,VehicleCategory_Utility,VehicleCategory_Sport,Deductible_700,Deductible_400
1459,1,2,1,0.40625,1,1,-1.8369701987210297e-16,1,0.0,0.0,0.0,1.0
9908,0,1,1,0.828125,0,1,-0.8660254037844387,0,0.0,1.0,0.0,1.0
6534,1,3,1,0.59375,1,1,0.8660254037844384,0,0.0,0.0,0.0,1.0
15137,0,3,2,0.265625,0,1,0.5000000000000001,0,0.0,0.0,0.0,1.0
2206,1,2,1,0.203125,2,0,0.5000000000000001,0,0.0,0.0,0.0,1.0
7745,1,3,1,0.171875,0,1,1.0,0,0.0,0.0,0.0,1.0
4243,1,1,1,0.296875,1,1,-1.8369701987210297e-16,1,0.0,1.0,0.0,1.0
14846,1,2,5,0.1875,0,1,-1.0,0,0.0,0.0,0.0,1.0
7335,1,2,1,0.28125,3,1,6.123233995736766e-17,0,0.0,0.0,0.0,1.0
13466,0,3,1,0.421875,0,0,-0.5000000000000004,0,0.0,0.0,0.0,1.0
9068,1,3,1,0.296875,3,1,6.123233995736766e-17,1,0.0,0.0,0.0,1.0
1564,1,3,2,0.234375,1,1,-1.8369701987210297e-16,0,0.0,0.0,0.0,1.0
4887,1,1,3,0.265625,0,1,-0.4999999999999998,0,0.0,1.0,0.0,1.0
9658,1,1,5,0.59375,0,1,-0.4999999999999998,0,0.0,1.0,0.0,1.0
1580,1,2,5,0.609375,0,0,0.8660254037844384,0,1.0,0.0,0.0,1.0
7913,1,1,0,0.15625,3,1,0.5000000000000001,1,0.0,1.0,0.0,1.0
13434,1,2,1,0.6875,0,1,-0.4999999999999998,0,0.0,0.0,0.0,1.0
5596,1,2,1,0.078125,0,1,0.5000000000000001,0,0.0,0.0,0.0,1.0
499,1,2,0,0.453125,0,1,0.5000000000000001,0,0.0,0.0,0.0,1.0
7586,0,3,1,0.53125,3,1,-1.8369701987210297e-16,0,0.0,0.0,0.0,1.0
13178,1,3,1,0.15625,3,1,-0.5000000000000004,0,0.0,0.0,0.0,1.0
14152,1,2,1,0.15625,0,1,-0.8660254037844388,0,0.0,0.0,0.0,1.0
6061,1,2,2,0.21875,0,0,0.5000000000000001,0,0.0,0.0,0.0,1.0
7113,1,1,2,0.1875,3,1,0.8660254037844387,0,0.0,1.0,0.0,1.0
11371,0,2,1,0.5625,0,1,-0.8660254037844387,0,0.0,0.0,0.0,1.0
10006,1,1,2,0.40625,2,1,0.8660254037844384,0,0.0,1.0,0.0,1.0
14495,0,1,1,0.625,2,1,0.8660254037844387,0,0.0,1.0,0.0,1.0
2918,0,3,1,0.328125,0,0,-0.4999999999999998,0,0.0,0.0,0.0,1.0
10875,1,2,5,0.078125,0,1,6.123233995736766e-17,0,0.0,1.0,0.0,1.0
3164,0,1,1,0.28125,0,1,0.8660254037844384,0,0.0,1.0,0.0,1.0
13033,1,1,1,0.28125,0,1,-0.5000000000000004,0,0.0,1.0,0.0,1.0
14884,1,2,1,0.359375,2,1,-1.8369701987210297e-16,0,0.0,0.0,0.0,1.0
12640,1,2,3,0.15625,1,1,0.5000000000000001,0,0.0,0.0,0.0,1.0
7298,1,2,1,0.265625,1,1,0.5000000000000001,0,0.0,0.0,0.0,1.0
14720,1,3,5,0.1875,1,1,-0.5000000000000004,0,1.0,0.0,0.0,1.0
5162,0,3,1,0.1875,2,1,-0.8660254037844387,0,0.0,0.0,0.0,1.0
1164,1,1,1,0.34375,0,1,6.123233995736766e-17,0,0.0,1.0,0.0,1.0
8475,1,1,2,0.28125,3,1,-0.8660254037844388,0,0.0,1.0,0.0,1.0
9525,1,3,5,0.1875,0,1,0.5000000000000001,0,1.0,0.0,0.0,1.0
11978,1,2,1,0.34375,2,1,-1.0,0,0.0,0.0,0.0,1.0
3810,0,1,4,0.578125,0,1,-0.5000000000000004,0,0.0,1.0,0.0,1.0
9136,1,2,1,0.921875,0,1,6.123233995736766e-17,0,0.0,0.0,0.0,1.0
1552,1,3,5,0.421875,3,1,0.8660254037844384,0,1.0,0.0,0.0,1.0
13474,1,1,2,0.578125,0,1,0.5000000000000001,0,0.0,1.0,0.0,1.0
960,1,1,1,0.4375,0,1,-1.0,1,0.0,1.0,0.0,1.0
5239,1,2,3,0.59375,2,1,-0.4999999999999998,1,0.0,0.0,0.0,1.0
11006,1,1,1,0.171875,0,1,0.8660254037844384,0,0.0,1.0,1.0,0.0
12991,1,1,1,0.1875,1,1,1.0,0,0.0,1.0,0.0,1.0
603,0,3,2,0.46875,1,1,-1.0,0,0.0,0.0,0.0,1.0
12403,1,2,0,0.40625,2,1,-1.0,0,0.0,0.0,0.0,1.0
14757,1,3,1,0.421875,3,1,1.0,1,0.0,0.0,1.0,0.0
12892,0,3,0,0.046875,3,1,0.8660254037844384,0,0.0,0.0,0.0,1.0
14175,1,3,1,0.859375,3,1,6.123233995736766e-17,0,0.0,0.0,0.0,1.0
7910,0,2,1,0.0625,0,1,-0.8660254037844387,0,0.0,0.0,0.0,1.0
10053,0,2,1,0.265625,0,1,-0.8660254037844387,0,0.0,0.0,0.0,1.0
9052,1,1,1,0.484375,0,1,-0.8660254037844388,0,0.0,1.0,0.0,1.0
13735,1,1,2,0.375,3,1,0.8660254037844387,0,0.0,1.0,0.0,1.0
374,0,1,1,0.328125,2,1,-0.8660254037844387,0,0.0,1.0,0.0,1.0
14188,0,2,2,0.25,0,1,-0.8660254037844388,0,0.0,0.0,0.0,1.0
1561,0,2,5,0.4375,0,1,1.0,0,0.0,0.0,0.0,1.0
12445,1,1,1,0.546875,3,0,-0.8660254037844388,0,0.0,1.0,0.0,0.0
11334,0,3,1,0.125,3,1,1.0,0,0.0,0.0,0.0,1.0
180,0,3,1,0.578125,0,0,0.8660254037844387,0,0.0,0.0,0.0,1.0
2958,1,3,1,0.390625,0,1,1.0,0,0.0,0.0,0.0,1.0
8482,1,2,1,0.375,1,1,-1.0,0,0.0,0.0,0.0,1.0
6310,0,3,5,0.34375,2,1,-0.8660254037844388,0,0.0,0.0,0.0,1.0
10978,1,2,2,0.25,3,1,6.123233995736766e-17,1,0.0,0.0,0.0,1.0
13395,0,3,1,0.71875,3,1,-1.0,0,0.0,0.0,0.0,1.0
7405,1,1,1,0.40625,1,1,-0.8660254037844387,0,0.0,1.0,0.0,1.0
8499,1,1,5,0.171875,3,1,0.5000000000000001,1,0.0,1.0,0.0,1.0
5996,1,3,1,0.484375,0,1,1.0,0,0.0,0.0,0.0,1.0
4882,1,2,1,0.359375,3,1,-1.8369701987210297e-16,0,0.0,0.0,0.0,1.0
14737,0,2,1,0.109375,3,1,-1.8369701987210297e-16,0,0.0,0.0,0.0,1.0
4044,1,3,0,0.421875,2,1,0.8660254037844384,0,0.0,0.0,0.0,1.0
5977,1,1,2,0.21875,0,1,6.123233995736766e-17,0,0.0,1.0,0.0,1.0
6056,1,1,5,0.71875,3,1,0.8660254037844384,0,0.0,1.0,0.0,1.0
14062,1,1,3,0.578125,1,1,-0.8660254037844388,0,0.0,1.0,0.0,1.0
581,0,1,1,0.765625,0,1,-1.0,0,0.0,1.0,0.0,1.0
1644,0,2,1,0.421875,3,1,-1.8369701987210297e-16,0,0.0,0.0,1.0,0.0
3134,1,2,5,0.21875,0,1,-0.8660254037844388,0,0.0,0.0,0.0,1.0
11126,1,2,5,0.34375,0,0,-0.4999999999999998,0,0.0,0.0,0.0,1.0
10003,1,3,2,0.171875,1,1,0.8660254037844387,0,0.0,0.0,0.0,1.0
1540,1,1,1,0.140625,1,1,-0.8660254037844387,0,0.0,1.0,0.0,1.0
2699,0,2,5,0.84375,0,1,-0.8660254037844387,0,0.0,1.0,0.0,1.0
13696,1,3,2,0.296875,0,1,0.5000000000000001,0,0.0,0.0,0.0,1.0
10922,1,1,1,0.296875,3,0,0.8660254037844384,0,0.0,1.0,0.0,1.0
4240,1,1,2,0.453125,3,0,0.8660254037844387,0,0.0,1.0,0.0,1.0
7314,1,3,1,0.546875,3,1,0.8660254037844384,0,0.0,0.0,0.0,1.0
3280,0,1,1,0.59375,3,1,-0.8660254037844387,1,0.0,1.0,0.0,1.0
7962,1,2,2,0.21875,0,1,1.0,0,0.0,0.0,0.0,1.0
13573,1,1,2,0.375,3,0,-0.5000000000000004,0,0.0,1.0,0.0,1.0
14045,1,2,2,0.234375,2,1,-0.8660254037844388,0,0.0,0.0,0.0,1.0
7202,0,3,1,0.234375,1,1,-1.0,0,0.0,0.0,0.0,1.0
246,0,2,5,0.34375,0,1,0.8660254037844387,0,0.0,0.0,0.0,1.0
7094,1,1,5,0.59375,0,1,0.5000000000000001,0,0.0,1.0,0.0,1.0
1291,1,1,1,0.515625,0,1,6.123233995736766e-17,0,0.0,1.0,0.0,1.0
5287,0,3,5,0.234375,0,1,6.123233995736766e-17,0,0.0,0.0,0.0,1.0
7757,0,3,1,0.703125,3,1,-0.5000000000000004,0,0.0,0.0,0.0,1.0
9160,0,1,2,0.15625,0,1,-0.8660254037844387,0,0.0,1.0,0.0,1.0
10238,0,3,1,0.328125,0,1,0.5000000000000001,0,0.0,0.0,0.0,1.0
3386,0,2,5,0.09375,0,1,-1.8369701987210297e-16,0,0.0,1.0,0.0,1.0
14404,1,1,1,0.421875,0,1,0.5000000000000001,0,0.0,1.0,0.0,1.0
15097,0,1,2,0.765625,3,1,0.8660254037844384,0,0.0,1.0,0.0,0.0
548,1,3,0,0.15625,2,1,6.123233995736766e-17,0,0.0,0.0,0.0,1.0
315,0,1,1,0.453125,0,0,-0.4999999999999998,1,0.0,1.0,0.0,1.0
11251,1,3,1,0.734375,3,0,0.8660254037844384,0,0.0,0.0,0.0,1.0
7231,1,2,5,0.1875,3,1,-1.0,0,0.0,0.0,0.0,1.0
6248,1,1,2,0.25,0,1,-1.0,0,0.0,1.0,0.0,1.0
2230,1,3,0,0.328125,1,1,6.123233995736766e-17,1,0.0,0.0,0.0,1.0
14781,1,3,1,0.609375,1,1,-0.8660254037844387,0,0.0,0.0,0.0,1.0
2253,0,3,1,0.21875,0,1,-0.4999999999999998,0,0.0,0.0,0.0,1.0
4149,1,2,1,0.5625,0,1,-1.0,0,0.0,0.0,0.0,1.0
10435,1,1,1,0.15625,3,1,0.5000000000000001,1,0.0,1.0,0.0,1.0
340,1,3,0,0.625,1,1,6.123233995736766e-17,0,0.0,0.0,0.0,1.0
11295,0,3,1,0.09375,0,1,-1.0,0,0.0,0.0,0.0,1.0
9913,1,1,1,0.421875,3,1,-1.8369701987210297e-16,0,0.0,1.0,0.0,1.0
11874,1,1,2,0.3125,1,1,0.5000000000000001,0,0.0,1.0,1.0,0.0
13294,0,2,1,0.1875,0,0,0.8660254037844387,1,0.0,0.0,0.0,1.0
7917,0,3,0,0.4375,2,1,-0.5000000000000004,0,0.0,0.0,0.0,1.0
4961,0,3,0,0.25,1,1,-1.0,0,0.0,0.0,0.0,1.0
6162,1,3,0,0.734375,0,1,-0.4999999999999998,0,0.0,0.0,0.0,1.0
1155,1,3,0,0.109375,0,1,-0.8660254037844388,0,0.0,0.0,0.0,1.0
8861,1,1,1,0.46875,3,1,1.0,0,0.0,1.0,0.0,1.0
14487,1,1,1,0.15625,0,1,-0.5000000000000004,0,0.0,1.0,0.0,1.0
1526,0,3,1,0.546875,3,1,-1.8369701987210297e-16,0,0.0,0.0,0.0,1.0
14374,1,1,1,0.171875,0,1,-1.8369701987210297e-16,1,0.0,1.0,0.0,1.0
10954,1,3,1,0.234375,0,0,0.8660254037844384,0,0.0,0.0,0.0,1.0
1962,1,1,1,0.203125,0,0,0.8660254037844387,0,0.0,1.0,0.0,1.0
10984,1,3,0,0.046875,0,1,-1.0,0,0.0,0.0,0.0,1.0
10581,0,2,2,0.40625,2,1,0.8660254037844384,0,0.0,0.0,0.0,1.0
12864,1,2,2,0.265625,0,1,-1.0,0,0.0,0.0,0.0,1.0
14714,1,3,0,0.15625,3,0,-1.8369701987210297e-16,0,0.0,0.0,0.0,1.0
6109,1,3,2,0.515625,3,1,-1.0,0,0.0,1.0,0.0,1.0
4601,1,1,1,0.40625,0,1,0.8660254037844384,0,0.0,1.0,0.0,1.0
11879,1,1,5,0.34375,0,1,-1.0,0,0.0,1.0,0.0,1.0
14611,1,3,1,0.21875,2,1,-0.8660254037844388,0,0.0,0.0,0.0,1.0
774,1,1,1,0.703125,0,1,6.123233995736766e-17,0,0.0,1.0,0.0,1.0
12447,0,3,0,0.40625,2,1,-0.5000000000000004,0,0.0,0.0,0.0,1.0
13127,0,3,0,0.53125,3,1,-0.8660254037844388,0,0.0,0.0,0.0,1.0
9833,1,1,2,0.171875,2,1,-0.5000000000000004,0,0.0,1.0,0.0,1.0
9641,1,2,4,0.578125,0,0,0.5000000000000001,0,0.0,0.0,0.0,1.0
14818,0,1,1,0.515625,0,0,-1.8369701987210297e-16,0,0.0,1.0,0.0,1.0
9325,1,1,1,0.203125,0,1,-0.5000000000000004,1,0.0,1.0,0.0,1.0
2887,1,1,1,0.5625,0,1,-1.8369701987210297e-16,1,0.0,1.0,0.0,1.0
589,0,2,1,0.296875,1,1,-1.0,0,0.0,0.0,0.0,1.0
8753,0,2,1,0.15625,1,1,0.8660254037844387,0,0.0,0.0,0.0,1.0
4142,1,1,2,0.359375,3,1,0.5000000000000001,0,0.0,1.0,0.0,1.0
3754,1,3,5,0.390625,0,1,0.8660254037844384,0,0.0,0.0,0.0,1.0
10635,0,1,1,0.15625,2,1,0.5000000000000001,0,0.0,1.0,0.0,1.0
14512,1,1,1,0.390625,0,1,0.8660254037844384,0,0.0,1.0,0.0,1.0
5809,1,1,2,0.171875,0,1,0.8660254037844384,0,0.0,1.0,0.0,1.0
15164,0,2,1,0.109375,2,1,-0.4999999999999998,1,0.0,0.0,0.0,1.0
634,1,1,2,0.203125,2,1,0.8660254037844384,0,0.0,1.0,0.0,1.0
1688,1,1,1,0.515625,0,1,0.5000000000000001,1,0.0,1.0,0.0,1.0
9602,1,2,1,0.6875,3,1,1.0,0,0.0,0.0,0.0,1.0
10083,0,1,1,0.28125,1,1,0.5000000000000001,0,0.0,1.0,0.0,1.0
482,1,2,3,0.546875,0,1,0.5000000000000001,1,0.0,0.0,0.0,1.0
15296,1,1,2,0.59375,3,1,-1.8369701987210297e-16,0,0.0,1.0,0.0,1.0
6212,0,3,0,0.21875,0,1,-0.4999999999999998,0,0.0,0.0,0.0,1.0
1015,1,1,1,0.625,0,1,1.0,0,0.0,1.0,0.0,1.0
8718,1,1,5,0.4375,0,1,0.8660254037844387,0,0.0,1.0,0.0,1.0
641,0,1,1,0.9375,0,1,-0.8660254037844388,0,0.0,1.0,0.0,1.0
11152,1,2,1,0.6875,0,0,0.8660254037844384,0,0.0,0.0,0.0,1.0
7549,1,2,0,0.53125,2,1,-0.8660254037844388,1,0.0,0.0,0.0,0.0
5964,1,2,1,0.484375,0,1,-0.8660254037844388,0,0.0,0.0,0.0,1.0
3345,0,1,1,0.4375,0,1,-0.5000000000000004,0,0.0,1.0,0.0,1.0
14209,0,3,1,0.78125,0,1,-1.8369701987210297e-16,0,0.0,0.0,0.0,1.0
14805,1,1,2,0.359375,0,1,1.0,0,0.0,1.0,0.0,1.0
8452,0,2,2,0.265625,1,1,0.8660254037844387,0,0.0,0.0,0.0,1.0
14747,1,3,3,0.171875,2,1,1.0,0,0.0,0.0,0.0,1.0
4513,1,1,2,0.4375,3,1,0.5000000000000001,0,0.0,1.0,0.0,1.0
9799,1,1,2,0.28125,0,1,0.8660254037844387,1,0.0,1.0,0.0,1.0
10869,0,3,1,0.5,0,1,-1.8369701987210297e-16,0,0.0,0.0,0.0,1.0
4880,0,3,0,0.515625,0,1,0.5000000000000001,0,0.0,0.0,0.0,1.0
15242,0,2,1,0.25,2,0,-1.0,0,0.0,0.0,0.0,1.0
5044,1,1,3,0.453125,3,1,-1.0,1,0.0,1.0,0.0,1.0
2533,1,1,1,0.234375,0,1,0.5000000000000001,0,0.0,1.0,0.0,1.0
271,1,1,1,0.265625,2,1,0.8660254037844387,1,0.0,1.0,0.0,1.0
7908,1,3,1,0.484375,0,1,-0.8660254037844388,0,0.0,0.0,0.0,1.0
11065,0,2,2,0.359375,0,1,-0.8660254037844387,0,0.0,0.0,0.0,1.0
12684,1,3,1,0.578125,3,0,-0.8660254037844387,0,0.0,0.0,0.0,1.0
8891,0,2,2,0.46875,0,1,-0.8660254037844387,0,0.0,0.0,0.0,1.0
6560,0,2,1,0.609375,2,1,0.8660254037844387,0,0.0,0.0,0.0,1.0
13508,0,2,1,0.59375,0,1,-0.8660254037844388,0,0.0,0.0,0.0,1.0
14938,1,3,5,0.359375,0,1,-0.4999999999999998,0,0.0,0.0,0.0,1.0
13373,0,2,1,0.484375,2,0,-0.8660254037844388,0,0.0,0.0,0.0,1.0
10330,1,2,1,0.75,1,1,-0.4999999999999998,0,0.0,0.0,0.0,1.0
6593,1,3,5,0.5625,2,1,0.8660254037844384,0,0.0,0.0,0.0,1.0
8969,1,2,1,0.390625,0,0,-0.4999999999999998,1,0.0,0.0,0.0,1.0
15341,0,3,5,0.625,3,1,-0.5000000000000004,0,0.0,0.0,0.0,1.0
13939,1,3,3,0.8125,3,1,0.5000000000000001,0,1.0,0.0,0.0,1.0
9826,1,1,1,0.234375,0,1,-1.8369701987210297e-16,0,0.0,1.0,0.0,1.0
10575,0,3,1,0.40625,0,1,6.123233995736766e-17,0,0.0,0.0,0.0,1.0
11148,0,2,2,0.546875,3,1,-0.5000000000000004,0,0.0,0.0,0.0,1.0
368,0,2,1,0.484375,1,1,-1.0,0,0.0,0.0,0.0,1.0
4636,0,1,3,0.625,2,0,-0.8660254037844387,0,0.0,1.0,0.0,1.0
6766,1,3,5,0.5625,2,1,-1.0,0,0.0,0.0,0.0,1.0
3237,1,2,1,0.265625,1,1,-1.0,0,0.0,0.0,0.0,1.0
2412,1,1,2,0.34375,0,1,6.123233995736766e-17,1,0.0,1.0,0.0,1.0
8194,1,3,5,0.421875,2,1,0.8660254037844387,0,0.0,0.0,0.0,1.0
14117,0,1,2,0.203125,3,1,-0.4999999999999998,0,0.0,1.0,0.0,1.0
7078,0,3,1,0.1875,3,0,6.123233995736766e-17,0,0.0,0.0,0.0,1.0
1,1,1,5,0.078125,0,1,0.8660254037844387,1,0.0,1.0,0.0,0.0
5298,1,1,1,0.546875,2,1,0.5000000000000001,0,0.0,1.0,0.0,1.0
4427,1,1,2,0.75,2,1,-1.0,0,0.0,1.0,0.0,1.0
588,1,3,2,0.546875,0,1,-0.5000000000000004,0,0.0,0.0,0.0,1.0
11433,1,3,2,0.28125,3,1,-0.8660254037844387,0,0.0,0.0,0.0,1.0
6841,1,2,2,0.1875,0,1,6.123233995736766e-17,0,0.0,0.0,0.0,1.0
11236,1,1,5,0.34375,0,1,-0.4999999999999998,0,0.0,1.0,0.0,1.0
11966,0,2,1,0.578125,0,1,-0.8660254037844387,0,0.0,0.0,0.0,1.0
9322,0,2,5,0.4375,2,1,-0.8660254037844388,0,0.0,0.0,0.0,1.0
12967,1,1,2,0.421875,0,1,-1.8369701987210297e-16,0,0.0,1.0,0.0,1.0
8835,1,3,2,0.3125,0,1,0.5000000000000001,1,0.0,0.0,0.0,1.0
9655,0,3,0,0.953125,2,1,0.8660254037844384,0,0.0,0.0,0.0,1.0
7093,0,3,1,0.296875,1,0,0.5000000000000001,0,0.0,0.0,0.0,1.0
10379,0,2,1,0.15625,0,1,0.8660254037844387,0,0.0,0.0,0.0,1.0
6533,1,1,2,0.5,0,1,0.8660254037844384,0,0.0,1.0,0.0,1.0
3623,1,3,1,0.53125,0,0,6.123233995736766e-17,0,0.0,0.0,0.0,1.0
14164,0,1,1,0.40625,2,1,-0.4999999999999998,1,0.0,1.0,0.0,1.0
12263,1,1,3,0.21875,2,1,0.8660254037844384,0,0.0,1.0,0.0,1.0
8739,1,2,5,0.671875,3,1,0.8660254037844387,0,0.0,0.0,0.0,1.0
14511,1,3,5,0.328125,3,1,-0.5000000000000004,0,1.0,0.0,0.0,1.0
5557,1,2,5,0.328125,3,1,-1.8369701987210297e-16,0,0.0,0.0,0.0,1.0
5052,1,1,5,0.625,2,1,0.5000000000000001,0,0.0,1.0,0.0,1.0
5793,1,1,1,0.40625,0,1,-0.8660254037844387,0,0.0,1.0,0.0,1.0
4388,1,3,1,0.203125,0,1,-0.8660254037844387,1,0.0,0.0,0.0,1.0
3340,1,2,1,0.28125,3,1,0.8660254037844384,0,0.0,0.0,0.0,1.0
6591,1,1,1,0.5,2,0,0.5000000000000001,0,0.0,1.0,0.0,1.0
12879,0,3,2,0.546875,3,1,0.5000000000000001,0,0.0,0.0,0.0,1.0
4623,1,2,4,0.609375,0,0,-0.5000000000000004,0,0.0,0.0,0.0,1.0
1957,1,3,5,0.359375,0,1,0.8660254037844387,0,1.0,0.0,0.0,1.0
8996,1,2,2,0.34375,3,1,-0.8660254037844388,1,0.0,0.0,0.0,1.0
1625,1,2,1,0.1875,0,0,-0.4999999999999998,0,0.0,0.0,0.0,1.0
3095,1,3,1,0.328125,1,1,-0.8660254037844387,0,0.0,0.0,0.0,1.0
8556,0,1,1,0.375,0,1,0.8660254037844387,1,0.0,1.0,0.0,1.0
2179,0,2,1,0.390625,1,0,6.123233995736766e-17,0,0.0,0.0,0.0,1.0
8387,0,1,1,0.25,0,1,-0.8660254037844387,0,0.0,1.0,0.0,1.0
5612,1,2,1,0.296875,2,1,0.8660254037844384,0,0.0,0.0,0.0,1.0
5871,1,2,1,0.1875,0,1,-1.8369701987210297e-16,0,0.0,0.0,0.0,1.0
5492,0,2,1,0.703125,3,1,-0.8660254037844388,0,0.0,0.0,0.0,1.0
12962,0,2,1,0.46875,2,1,0.5000000000000001,1,0.0,0.0,0.0,1.0
7997,1,3,2,0.765625,0,1,0.8660254037844384,0,0.0,0.0,0.0,1.0
939,1,2,1,0.359375,0,1,-0.5000000000000004,1,0.0,0.0,0.0,1.0
11094,0,2,2,0.265625,3,0,1.0,0,0.0,0.0,0.0,1.0
7720,0,3,1,0.234375,0,1,-0.5000000000000004,0,0.0,0.0,1.0,0.0
13108,1,1,1,0.359375,1,1,-1.0,1,0.0,1.0,0.0,0.0
11992,1,1,5,0.28125,2,1,0.5000000000000001,0,0.0,1.0,0.0,1.0
18,0,2,1,0.1875,1,1,-0.5000000000000004,1,0.0,0.0,0.0,1.0
1894,1,2,1,0.609375,3,0,0.5000000000000001,1,0.0,0.0,0.0,1.0
7092,1,2,2,0.3125,3,1,0.5000000000000001,0,0.0,0.0,0.0,1.0
14677,1,1,1,0.734375,0,1,-1.8369701987210297e-16,1,0.0,1.0,0.0,1.0
4823,0,2,5,0.078125,0,1,-0.8660254037844388,0,0.0,0.0,0.0,1.0
8173,0,3,1,0.34375,1,0,1.0,0,0.0,0.0,0.0,1.0
13387,1,2,2,0.296875,0,0,0.8660254037844384,0,0.0,0.0,0.0,1.0
13668,1,1,1,0.390625,0,1,0.5000000000000001,0,0.0,1.0,0.0,1.0
8686,0,2,1,0.28125,0,1,0.8660254037844387,0,0.0,0.0,0.0,1.0
9666,1,1,2,0.4375,3,1,0.5000000000000001,0,0.0,1.0,0.0,1.0
5330,1,2,1,0.3125,0,1,0.8660254037844387,0,0.0,0.0,0.0,1.0
6349,1,2,1,0.484375,3,1,1.0,0,0.0,0.0,0.0,1.0
10321,1,2,1,0.59375,2,1,-1.0,1,0.0,0.0,0.0,1.0
12090,1,3,1,0.375,1,1,0.5000000000000001,0,0.0,0.0,0.0,1.0
11708,1,2,1,0.625,0,1,-0.8660254037844388,0,0.0,0.0,0.0,1.0
1037,0,2,1,0.5,1,1,6.123233995736766e-17,0,0.0,0.0,0.0,1.0
4091,1,2,2,0.328125,3,1,0.5000000000000001,0,0.0,0.0,0.0,1.0
10167,1,2,2,0.28125,1,1,0.8660254037844384,0,0.0,0.0,0.0,1.0
6990,0,2,1,0.53125,0,1,-1.0,0,0.0,0.0,0.0,1.0
958,0,2,4,0.515625,3,1,-1.0,0,0.0,0.0,0.0,1.0
924,0,2,5,0.453125,0,1,-0.5000000000000004,1,0.0,1.0,0.0,1.0
3792,1,1,2,0.359375,3,0,-0.8660254037844387,0,0.0,1.0,0.0,1.0
5606,1,1,1,0.171875,2,1,-0.4999999999999998,0,0.0,1.0,0.0,1.0
4402,0,3,2,0.421875,0,1,1.0,0,0.0,0.0,0.0,1.0
3848,1,1,2,0.21875,3,0,-0.8660254037844388,0,0.0,1.0,0.0,1.0
4070,1,1,1,0.234375,1,1,-0.4999999999999998,1,0.0,1.0,0.0,1.0
9476,1,2,1,0.5625,1,1,-0.8660254037844387,0,0.0,0.0,0.0,1.0
13794,1,2,5,0.5625,0,1,6.123233995736766e-17,0,0.0,0.0,0.0,1.0
15174,1,1,2,0.59375,3,1,-1.8369701987210297e-16,0,0.0,1.0,0.0,1.0
12963,0,2,5,0.125,3,1,0.5000000000000001,0,0.0,1.0,0.0,1.0
11239,1,1,2,0.71875,3,1,-0.5000000000000004,0,0.0,1.0,0.0,1.0
11208,0,3,0,0.1875,1,0,-0.8660254037844387,0,0.0,0.0,0.0,1.0
14761,1,2,1,0.28125,0,1,-1.0,0,0.0,0.0,0.0,1.0
3774,1,3,2,0.40625,0,1,-0.4999999999999998,0,0.0,0.0,0.0,1.0
3428,1,1,1,0.1875,2,1,0.5000000000000001,1,0.0,1.0,0.0,1.0
1194,1,1,1,0.359375,0,1,-0.5000000000000004,1,0.0,1.0,0.0,1.0
12721,0,2,4,0.234375,3,0,0.5000000000000001,0,0.0,0.0,0.0,1.0
13208,1,2,1,0.40625,0,1,-0.5000000000000004,0,0.0,0.0,0.0,1.0
4175,0,3,1,0.171875,0,1,-1.0,0,0.0,0.0,0.0,1.0
13865,0,3,1,0.953125,1,1,-0.8660254037844388,0,0.0,0.0,0.0,1.0
8126,0,3,1,0.640625,2,1,-1.0,0,0.0,0.0,0.0,1.0
11663,1,1,2,0.34375,0,1,0.5000000000000001,1,0.0,1.0,0.0,1.0
1227,0,2,3,0.71875,0,1,0.5000000000000001,0,0.0,0.0,0.0,1.0
14782,1,2,1,0.53125,1,1,0.5000000000000001,0,0.0,0.0,0.0,1.0
2682,1,3,0,0.40625,3,0,-0.8660254037844388,0,0.0,0.0,0.0,1.0
1206,0,1,1,0.5,0,1,-0.4999999999999998,0,0.0,1.0,0.0,1.0
2911,1,3,1,0.765625,0,1,-0.4999999999999998,0,0.0,0.0,0.0,1.0
2978,1,2,1,0.25,1,1,-1.8369701987210297e-16,1,0.0,0.0,0.0,1.0
3884,1,3,0,0.671875,0,1,6.123233995736766e-17,0,0.0,0.0,0.0,1.0
4837,1,1,2,0.5625,1,1,6.123233995736766e-17,0,0.0,1.0,1.0,0.0
6238,1,3,5,0.984375,2,1,-0.4999999999999998,0,0.0,0.0,0.0,1.0
9228,0,3,1,0.515625,2,1,-0.8660254037844387,0,0.0,0.0,0.0,1.0
1606,1,1,0,0.359375,3,1,-1.0,1,0.0,1.0,0.0,1.0
6021,1,1,1,0.34375,3,1,-0.8660254037844387,0,0.0,1.0,0.0,1.0
237,1,2,1,0.328125,3,0,6.123233995736766e-17,1,0.0,0.0,0.0,1.0
4701,1,2,2,0.5,0,1,-1.8369701987210297e-16,0,0.0,0.0,0.0,1.0
7891,0,3,0,0.484375,2,1,0.8660254037844384,0,0.0,0.0,0.0,1.0
14950,1,1,1,0.75,3,1,-0.8660254037844387,0,0.0,1.0,0.0,1.0
8927,1,1,1,0.265625,1,1,-0.8660254037844387,0,0.0,1.0,0.0,1.0
15177,0,3,5,0.53125,1,1,-0.8660254037844387,1,0.0,0.0,0.0,1.0
5577,1,2,1,0.1875,0,1,0.5000000000000001,0,0.0,0.0,0.0,1.0
2738,1,2,1,0.328125,3,1,-1.0,0,0.0,0.0,0.0,1.0
11338,1,3,1,0.5625,0,1,1.0,0,0.0,0.0,0.0,1.0
12196,1,3,0,0.4375,0,1,-0.4999999999999998,0,0.0,0.0,0.0,1.0
9187,0,2,2,0.296875,0,1,0.5000000000000001,1,0.0,0.0,0.0,1.0
6085,0,2,1,0.171875,0,1,-1.8369701987210297e-16,0,0.0,0.0,0.0,1.0
7332,1,2,1,0.640625,0,1,6.123233995736766e-17,0,0.0,0.0,0.0,1.0
57,1,3,1,0.21875,0,1,-1.0,0,0.0,0.0,0.0,1.0
1006,1,1,1,0.453125,1,1,-0.4999999999999998,0,0.0,1.0,0.0,1.0
13759,0,3,2,0.3125,1,1,-0.5000000000000004,0,0.0,0.0,0.0,1.0
13918,1,1,3,0.34375,0,1,1.0,0,0.0,1.0,0.0,1.0
5896,1,1,5,0.734375,0,1,-0.8660254037844387,0,0.0,1.0,0.0,1.0
4132,1,2,1,0.265625,2,0,-0.8660254037844388,0,0.0,0.0,0.0,0.0
7191,1,3,1,0.28125,1,1,0.5000000000000001,0,0.0,0.0,0.0,1.0
7898,1,1,1,0.15625,0,1,-1.8369701987210297e-16,0,0.0,1.0,0.0,1.0
1068,1,1,2,0.359375,0,1,1.0,0,0.0,1.0,0.0,1.0
818,1,3,1,0.375,2,1,-1.0,0,0.0,0.0,0.0,1.0
9116,0,3,2,0.640625,0,1,-0.8660254037844387,0,0.0,0.0,0.0,1.0
341,0,2,5,0.484375,3,1,0.5000000000000001,0,0.0,0.0,0.0,1.0
10048,1,2,1,0.109375,0,0,0.5000000000000001,0,0.0,0.0,0.0,0.0
5768,1,1,5,0.296875,3,1,-0.8660254037844387,0,0.0,1.0,0.0,1.0
3519,1,1,2,0.1875,3,1,-0.8660254037844387,0,0.0,1.0,0.0,1.0
2524,1,1,1,0.265625,3,1,-1.8369701987210297e-16,0,0.0,1.0,0.0,1.0
5439,0,3,2,0.5,1,1,0.5000000000000001,0,0.0,0.0,0.0,1.0
2562,1,1,1,0.234375,2,1,0.8660254037844384,0,0.0,1.0,0.0,1.0
8154,1,1,1,0.328125,2,1,-0.5000000000000004,0,0.0,1.0,1.0,0.0
7563,1,2,1,0.171875,0,1,-0.8660254037844387,0,0.0,0.0,0.0,1.0
1444,1,3,5,0.28125,0,1,-0.5000000000000004,0,0.0,0.0,0.0,1.0
751,1,1,1,0.3125,2,0,-1.0,1,0.0,1.0,0.0,1.0
11000,1,1,0,0.390625,0,1,-1.0,0,0.0,1.0,0.0,1.0
1798,1,1,1,0.3125,0,1,-0.4999999999999998,0,0.0,1.0,0.0,1.0
14724,0,2,2,0.421875,0,1,-0.4999999999999998,0,0.0,0.0,0.0,1.0
15100,1,3,1,0.546875,1,0,-0.8660254037844387,0,0.0,0.0,0.0,1.0
13937,1,3,2,0.53125,0,1,1.0,0,0.0,0.0,0.0,1.0
12874,0,3,1,0.90625,3,1,0.5000000000000001,0,0.0,0.0,0.0,1.0
394,0,3,1,0.09375,0,1,-0.8660254037844388,0,0.0,0.0,0.0,1.0
4487,1,1,4,0.5625,0,1,0.8660254037844384,0,0.0,1.0,0.0,1.0
14759,1,3,5,0.734375,1,1,1.0,0,1.0,0.0,0.0,1.0
4800,1,2,1,0.515625,0,1,-1.8369701987210297e-16,0,0.0,0.0,0.0,1.0
1902,0,3,2,0.1875,3,1,-0.4999999999999998,0,0.0,0.0,0.0,1.0
5188,0,3,1,0.5625,3,1,-0.5000000000000004,0,0.0,0.0,0.0,1.0
5783,1,2,5,0.015625,0,1,-1.0,0,0.0,1.0,0.0,1.0
11593,1,2,1,0.21875,0,1,0.5000000000000001,0,0.0,0.0,0.0,1.0
3603,0,3,1,0.578125,0,1,-1.0,0,0.0,0.0,0.0,1.0
11397,1,1,5,0.28125,2,1,-0.8660254037844388,1,0.0,1.0,0.0,1.0
6363,1,2,1,0.03125,2,1,0.8660254037844384,0,0.0,0.0,0.0,1.0
6798,1,1,3,0.421875,3,1,0.8660254037844387,0,0.0,1.0,0.0,1.0
12018,1,1,1,0.15625,1,1,-0.8660254037844387,0,0.0,1.0,0.0,1.0
10198,1,1,1,0.625,0,1,-0.4999999999999998,0,0.0,1.0,0.0,1.0
2341,1,2,1,0.15625,1,1,1.0,0,0.0,0.0,0.0,1.0
6843,0,1,1,0.671875,0,1,0.5000000000000001,0,0.0,1.0,0.0,1.0
10087,1,2,2,0.421875,3,1,0.5000000000000001,0,0.0,0.0,0.0,1.0
12307,1,2,1,0.234375,0,0,-0.8660254037844387,0,0.0,0.0,0.0,1.0
1675,1,1,1,0.4375,3,1,0.8660254037844387,0,0.0,1.0,1.0,0.0
4598,1,1,1,0.4375,3,1,1.0,1,0.0,1.0,0.0,1.0
2493,0,3,1,0.234375,3,1,1.0,0,0.0,0.0,0.0,1.0
4565,1,2,2,0.34375,0,1,-1.8369701987210297e-16,0,0.0,0.0,0.0,1.0
4556,1,2,2,0.28125,0,1,-1.0,0,0.0,0.0,0.0,1.0
10545,1,3,0,0.75,0,1,0.8660254037844384,0,0.0,0.0,0.0,1.0
2192,1,1,2,0.15625,1,1,6.123233995736766e-17,0,0.0,1.0,0.0,1.0
789,1,3,2,0.515625,0,1,-0.8660254037844388,0,0.0,0.0,0.0,1.0
15224,0,3,1,0.71875,3,1,0.8660254037844387,0,0.0,0.0,0.0,1.0
3244,1,1,1,0.765625,0,1,0.8660254037844384,0,0.0,1.0,0.0,1.0
14443,0,2,1,0.609375,0,1,-0.4999999999999998,0,0.0,0.0,0.0,1.0
10991,1,1,1,0.234375,1,1,0.5000000000000001,0,0.0,1.0,0.0,1.0
11110,1,3,2,0.578125,0,1,-0.8660254037844388,0,0.0,0.0,0.0,1.0
7709,0,3,0,0.578125,1,1,1.0,0,0.0,0.0,0.0,1.0
12617,1,1,2,0.4375,0,1,0.8660254037844387,0,0.0,1.0,0.0,1.0
10631,1,1,5,0.171875,3,1,0.8660254037844387,0,0.0,1.0,0.0,1.0
710,0,2,1,0.515625,3,1,6.123233995736766e-17,0,0.0,0.0,0.0,1.0
5561,1,2,1,0.078125,0,1,-0.8660254037844387,0,0.0,0.0,0.0,1.0
14858,1,3,3,0.359375,0,1,-0.8660254037844387,0,1.0,0.0,0.0,1.0
12204,1,1,1,0.28125,3,1,-1.0,0,0.0,1.0,0.0,1.0
14217,1,2,1,0.296875,1,1,6.123233995736766e-17,0,0.0,0.0,0.0,1.0
9135,0,3,1,0.28125,3,1,0.8660254037844387,0,0.0,0.0,0.0,1.0
2026,1,1,1,0.59375,2,1,6.123233995736766e-17,0,0.0,1.0,0.0,1.0
2551,1,2,1,0.4375,0,1,0.8660254037844384,0,0.0,0.0,0.0,0.0
15357,0,1,2,0.359375,0,1,-1.0,0,0.0,1.0,0.0,1.0
14969,0,2,1,0.171875,0,1,-1.8369701987210297e-16,0,0.0,0.0,0.0,1.0
11362,1,1,5,0.734375,0,1,1.0,0,0.0,1.0,0.0,1.0
10752,0,1,1,0.21875,0,1,-1.0,1,0.0,1.0,0.0,1.0
11865,1,2,1,0.5,0,1,0.8660254037844384,0,0.0,0.0,0.0,1.0
6883,1,1,2,0.5625,0,1,0.8660254037844387,0,0.0,1.0,1.0,0.0
1669,1,2,5,0.34375,0,1,-0.8660254037844387,0,0.0,0.0,0.0,1.0
1611,1,3,2,0.59375,0,1,0.8660254037844387,0,0.0,0.0,0.0,1.0
1557,1,2,1,0.03125,3,1,0.8660254037844384,0,0.0,0.0,0.0,1.0
4816,0,2,5,0.21875,2,1,0.5000000000000001,1,0.0,1.0,0.0,1.0
8917,1,2,2,0.15625,0,1,6.123233995736766e-17,0,0.0,0.0,0.0,1.0
8132,0,3,1,0.28125,3,1,0.8660254037844384,0,0.0,0.0,0.0,1.0
2252,1,2,5,0.171875,2,1,-1.0,0,0.0,1.0,0.0,1.0
4434,0,2,2,0.390625,2,1,0.5000000000000001,0,0.0,0.0,1.0,0.0
8081,1,2,1,0.03125,1,1,-0.4999999999999998,0,0.0,0.0,0.0,1.0
12683,1,1,1,0.25,3,0,-1.0,0,0.0,1.0,0.0,1.0
8747,1,1,1,0.375,0,1,0.8660254037844387,0,0.0,1.0,0.0,1.0
478,0,3,3,0.328125,0,1,-0.8660254037844387,0,0.0,0.0,0.0,1.0
13338,1,2,1,0.6875,0,1,0.8660254037844384,0,0.0,0.0,0.0,1.0
13588,0,2,1,0.21875,0,1,-0.5000000000000004,0,0.0,0.0,0.0,1.0
4652,0,2,2,0.171875,3,1,1.0,0,0.0,0.0,0.0,1.0
4460,0,1,2,0.21875,2,1,-0.4999999999999998,0,0.0,1.0,0.0,1.0
9545,1,1,1,0.34375,0,1,-0.8660254037844388,1,0.0,1.0,0.0,1.0
7494,1,1,4,0.484375,0,1,0.8660254037844384,0,0.0,1.0,0.0,1.0
13193,1,1,3,0.453125,2,1,-1.8369701987210297e-16,0,0.0,1.0,0.0,1.0
5011,1,1,1,0.203125,0,0,-1.0,1,0.0,1.0,0.0,1.0
5779,0,1,1,0.21875,3,1,0.8660254037844384,0,0.0,1.0,0.0,1.0
12646,1,3,0,0.40625,0,0,-0.8660254037844388,0,0.0,0.0,0.0,1.0
1584,0,1,2,0.34375,2,1,0.5000000000000001,0,0.0,1.0,0.0,1.0
11256,1,1,1,0.65625,0,1,-0.8660254037844388,0,0.0,1.0,0.0,1.0
5703,1,1,2,0.1875,1,1,0.8660254037844384,0,0.0,1.0,0.0,1.0
12215,0,3,1,0.59375,0,1,-1.8369701987210297e-16,0,0.0,0.0,1.0,0.0
13116,1,2,5,0.359375,0,1,1.0,0,0.0,0.0,0.0,1.0
5448,0,3,1,0.21875,3,1,6.123233995736766e-17,0,0.0,0.0,0.0,1.0
2228,1,2,2,0.28125,0,1,0.5000000000000001,0,0.0,0.0,0.0,1.0
8518,1,2,2,0.375,1,1,-0.4999999999999998,0,0.0,0.0,0.0,0.0
15244,1,1,5,0.34375,0,1,-0.8660254037844387,0,0.0,1.0,0.0,1.0
11522,1,1,2,0.609375,3,1,0.5000000000000001,0,0.0,1.0,0.0,1.0
9359,1,1,2,0.203125,3,0,0.8660254037844387,0,0.0,1.0,0.0,1.0
7779,1,1,1,0.390625,0,1,6.123233995736766e-17,0,0.0,1.0,0.0,1.0
8350,1,3,1,0.84375,0,0,1.0,0,0.0,0.0,0.0,1.0
1908,0,3,0,0.59375,0,1,-0.4999999999999998,0,0.0,0.0,0.0,1.0
486,0,3,3,0.328125,1,0,-0.8660254037844388,0,0.0,0.0,0.0,1.0
13867,0,3,2,0.359375,1,1,-1.0,0,0.0,0.0,0.0,1.0
8528,1,1,2,0.421875,0,1,-0.8660254037844388,0,0.0,1.0,0.0,1.0
13438,0,3,1,0.28125,1,1,-0.8660254037844388,0,0.0,0.0,0.0,1.0
1450,1,3,5,0.359375,2,0,-1.0,0,0.0,0.0,0.0,1.0
7483,1,1,1,0.40625,1,1,-1.0,1,0.0,1.0,0.0,1.0
2398,1,1,5,0.578125,3,1,-0.8660254037844387,0,0.0,1.0,0.0,0.0
2945,1,1,1,0.1875,2,1,-0.8660254037844388,0,0.0,1.0,0.0,1.0
844,1,2,2,0.265625,0,0,-1.0,0,0.0,0.0,0.0,1.0
14356,1,1,2,0.171875,3,1,0.5000000000000001,0,0.0,1.0,0.0,1.0
8467,1,2,3,0.625,2,1,0.5000000000000001,0,0.0,0.0,0.0,0.0
7173,1,3,5,0.453125,3,1,-0.5000000000000004,0,1.0,0.0,0.0,1.0
13554,1,3,5,0.34375,0,1,1.0,0,0.0,0.0,0.0,1.0
2878,0,3,1,0.21875,0,1,-0.5000000000000004,0,0.0,0.0,0.0,1.0
8562,0,2,1,0.234375,3,1,0.8660254037844387,1,0.0,0.0,0.0,1.0
2579,1,1,1,0.390625,0,0,0.8660254037844384,1,0.0,1.0,0.0,1.0
2632,0,3,1,0.734375,0,1,-0.4999999999999998,0,0.0,0.0,0.0,1.0
12366,0,3,2,0.359375,0,0,-1.0,0,0.0,0.0,0.0,1.0
4291,1,2,2,0.59375,0,0,-0.5000000000000004,0,0.0,0.0,0.0,1.0
14651,0,2,1,0.15625,0,1,-1.8369701987210297e-16,0,0.0,0.0,0.0,1.0
213,1,2,1,0.390625,1,1,0.5000000000000001,0,0.0,0.0,0.0,1.0
2543,1,1,1,0.375,1,0,0.8660254037844387,0,0.0,1.0,1.0,0.0
10204,1,3,0,0.96875,3,0,0.8660254037844387,0,0.0,0.0,0.0,1.0
6356,0,2,2,0.40625,3,1,1.0,0,0.0,0.0,1.0,0.0
11746,0,2,1,0.203125,1,1,0.5000000000000001,1,0.0,0.0,0.0,1.0
9743,1,1,1,0.171875,3,0,1.0,0,0.0,1.0,0.0,1.0
12977,1,1,0,0.234375,0,1,-1.0,0,0.0,1.0,0.0,1.0
13513,0,3,2,0.28125,0,1,0.5000000000000001,0,0.0,0.0,0.0,1.0
12523,1,2,2,0.3125,0,1,0.5000000000000001,0,0.0,0.0,0.0,1.0
3290,1,1,1,0.390625,1,1,0.5000000000000001,0,0.0,1.0,0.0,1.0
7576,1,1,1,0.203125,0,1,0.8660254037844384,0,0.0,1.0,0.0,1.0
1527,1,1,2,0.75,3,1,-0.8660254037844387,0,0.0,1.0,0.0,1.0
11324,1,1,2,0.359375,3,1,-1.8369701987210297e-16,1,0.0,1.0,0.0,1.0
7016,1,2,2,0.21875,0,1,0.8660254037844387,0,0.0,0.0,0.0,1.0
3016,1,2,1,0.3125,3,1,-1.0,1,0.0,0.0,0.0,1.0
2452,1,2,1,0.515625,0,1,6.123233995736766e-17,0,0.0,0.0,0.0,1.0
1954,1,3,1,0.328125,0,1,0.8660254037844387,0,0.0,0.0,1.0,0.0
11142,1,1,2,0.09375,0,1,-0.4999999999999998,0,0.0,1.0,0.0,1.0
6553,0,1,2,0.3125,2,1,-1.8369701987210297e-16,0,0.0,1.0,0.0,1.0
11453,1,3,1,0.421875,1,1,-1.8369701987210297e-16,0,0.0,0.0,0.0,1.0
6933,1,2,1,0.453125,3,1,-1.0,0,0.0,0.0,0.0,1.0
538,1,2,2,0.234375,1,1,0.5000000000000001,0,0.0,0.0,0.0,1.0
5654,1,3,5,0.515625,3,1,-0.4999999999999998,0,0.0,0.0,0.0,1.0
1711,1,3,5,0.265625,0,1,0.5000000000000001,0,0.0,0.0,0.0,1.0
2875,1,3,0,0.359375,2,1,-0.8660254037844387,0,0.0,0.0,0.0,1.0
1494,1,2,1,0.15625,0,1,-0.5000000000000004,1,0.0,0.0,0.0,1.0
13393,1,3,1,0.5,0,1,-0.8660254037844387,0,0.0,0.0,1.0,0.0
14185,0,1,3,0.53125,3,1,0.8660254037844384,0,0.0,1.0,0.0,1.0
545,1,3,5,0.515625,3,1,6.123233995736766e-17,0,1.0,0.0,0.0,1.0
8388,1,2,2,0.984375,2,1,-1.8369701987210297e-16,0,0.0,0.0,0.0,1.0
7058,1,2,3,0.171875,2,1,0.8660254037844387,0,0.0,0.0,0.0,1.0
4283,0,2,5,0.0,0,1,-1.0,0,0.0,1.0,0.0,1.0
13034,1,2,1,0.75,0,1,-0.5000000000000004,0,0.0,0.0,0.0,1.0
10602,1,1,2,0.6875,0,1,6.123233995736766e-17,0,0.0,1.0,0.0,1.0
8056,0,1,1,0.1875,3,1,0.8660254037844384,0,0.0,1.0,0.0,1.0
6067,0,2,1,0.765625,3,1,-0.8660254037844388,0,0.0,0.0,0.0,1.0
3918,0,2,5,0.390625,3,1,-0.8660254037844387,0,0.0,0.0,0.0,1.0
7195,0,3,1,0.453125,0,1,-0.8660254037844388,1,0.0,0.0,0.0,1.0
12599,1,2,2,0.171875,0,1,-0.8660254037844388,0,0.0,0.0,0.0,1.0
5283,0,3,5,0.34375,0,1,0.8660254037844387,0,0.0,0.0,0.0,1.0
5673,1,3,1,0.484375,2,1,6.123233995736766e-17,0,0.0,0.0,0.0,1.0
4387,1,1,2,0.203125,0,1,-0.8660254037844387,0,0.0,1.0,0.0,0.0
5127,0,2,1,0.296875,0,1,-0.4999999999999998,0,0.0,0.0,0.0,1.0
15404,0,2,1,0.21875,1,1,0.8660254037844384,0,0.0,0.0,0.0,1.0
13977,1,2,1,0.40625,0,0,-1.0,0,0.0,0.0,0.0,1.0
2167,1,3,2,0.890625,0,0,-0.8660254037844387,0,0.0,0.0,0.0,1.0
13923,1,2,1,0.453125,2,1,-1.0,0,0.0,0.0,0.0,1.0
11141,1,1,1,0.59375,0,1,-0.4999999999999998,0,0.0,1.0,0.0,1.0
14588,1,2,2,0.328125,3,1,0.5000000000000001,0,0.0,0.0,0.0,1.0
14427,1,1,1,0.4375,3,1,0.5000000000000001,1,0.0,1.0,0.0,1.0
9466,0,3,1,0.171875,1,1,0.5000000000000001,0,0.0,0.0,0.0,1.0
2894,0,2,5,0.25,3,1,1.0,1,0.0,1.0,0.0,1.0
11308,1,1,2,0.296875,0,1,-1.8369701987210297e-16,0,0.0,1.0,0.0,1.0
1696,1,1,2,0.3125,1,1,-1.0,0,0.0,1.0,0.0,1.0
4658,1,1,2,0.296875,0,1,1.0,0,0.0,1.0,0.0,1.0
9572,1,2,3,0.359375,3,1,1.0,1,0.0,0.0,0.0,1.0
573,1,3,2,0.265625,0,1,-0.8660254037844387,0,0.0,0.0,0.0,1.0
7736,1,1,1,0.21875,3,0,-0.5000000000000004,0,0.0,1.0,0.0,1.0
14445,0,2,1,0.28125,0,1,-0.5000000000000004,0,0.0,0.0,0.0,1.0
6763,1,2,1,0.296875,3,1,0.5000000000000001,0,0.0,0.0,0.0,1.0
2569,1,1,1,0.484375,0,1,1.0,0,0.0,1.0,0.0,1.0
12342,0,2,1,0.21875,0,1,0.8660254037844384,0,0.0,0.0,0.0,1.0
5970,0,3,1,0.265625,0,1,6.123233995736766e-17,1,0.0,0.0,0.0,1.0
6352,0,1,1,0.53125,3,1,-0.8660254037844388,0,0.0,1.0,0.0,1.0
11132,0,3,0,0.59375,0,1,-0.5000000000000004,1,0.0,0.0,0.0,1.0
12268,1,1,5,0.359375,0,1,0.5000000000000001,1,0.0,1.0,0.0,1.0
13441,1,3,5,0.34375,3,1,-0.5000000000000004,0,0.0,0.0,0.0,1.0
1709,1,1,1,0.171875,1,1,0.5000000000000001,0,0.0,1.0,0.0,1.0
7744,0,3,0,0.15625,1,1,1.0,1,0.0,0.0,0.0,1.0
5252,1,1,2,0.15625,3,1,0.8660254037844387,0,0.0,1.0,0.0,1.0
2786,1,2,1,0.25,3,1,-0.5000000000000004,0,0.0,0.0,0.0,1.0
5717,1,2,5,0.6875,1,1,-0.5000000000000004,0,0.0,0.0,0.0,1.0
171,1,3,1,0.25,3,1,6.123233995736766e-17,0,0.0,0.0,0.0,1.0
8122,1,1,5,0.34375,1,1,-1.8369701987210297e-16,0,0.0,1.0,0.0,1.0
2990,0,1,1,0.21875,0,1,0.5000000000000001,0,0.0,1.0,0.0,1.0
9451,1,2,2,0.21875,0,1,0.8660254037844387,0,0.0,0.0,0.0,1.0
1948,0,2,5,0.453125,1,1,0.8660254037844387,0,0.0,1.0,0.0,1.0
11465,1,1,1,0.21875,3,1,-0.8660254037844387,0,0.0,1.0,0.0,1.0
9711,1,1,1,0.234375,0,1,-0.4999999999999998,0,0.0,1.0,0.0,1.0
3151,1,1,5,0.578125,1,0,-1.0,0,0.0,1.0,0.0,1.0
1375,1,1,2,0.484375,0,1,-0.8660254037844387,0,0.0,1.0,0.0,1.0
7960,0,3,2,0.515625,1,1,0.8660254037844384,1,0.0,0.0,0.0,1.0
7976,1,1,1,0.53125,0,1,-0.5000000000000004,0,0.0,1.0,0.0,1.0
12076,1,3,5,0.421875,3,1,0.5000000000000001,0,1.0,0.0,0.0,1.0
7595,1,3,1,0.4375,0,1,-0.8660254037844388,0,0.0,0.0,0.0,1.0
7652,1,1,1,0.234375,0,1,6.123233995736766e-17,0,0.0,1.0,0.0,1.0
1635,1,1,2,0.640625,0,1,-1.8369701987210297e-16,1,0.0,1.0,0.0,1.0
3794,1,2,1,0.203125,3,1,0.5000000000000001,1,0.0,0.0,0.0,1.0
55,1,2,2,0.453125,1,1,-1.0,0,0.0,0.0,0.0,1.0
6628,1,2,1,0.234375,0,1,0.8660254037844384,0,0.0,0.0,0.0,1.0
13452,1,1,1,0.421875,1,1,-1.0,0,0.0,1.0,0.0,1.0
14301,0,2,5,0.4375,0,1,0.5000000000000001,0,0.0,0.0,0.0,1.0
2956,1,3,5,0.484375,1,1,1.0,0,0.0,0.0,0.0,1.0
5676,1,1,1,0.15625,0,1,-0.8660254037844387,1,0.0,1.0,0.0,1.0
2508,1,2,1,0.1875,0,1,-1.8369701987210297e-16,0,0.0,0.0,0.0,1.0
3999,1,1,1,0.421875,0,1,-0.8660254037844387,0,0.0,1.0,0.0,1.0
1662,1,3,5,0.6875,1,1,0.8660254037844387,0,1.0,0.0,0.0,1.0
3692,1,2,2,0.296875,0,1,0.5000000000000001,0,0.0,0.0,0.0,1.0
9301,1,2,1,0.328125,0,1,0.5000000000000001,0,0.0,0.0,0.0,1.0
12074,0,3,1,0.09375,0,1,0.8660254037844387,0,0.0,0.0,0.0,1.0
2540,0,1,2,0.625,0,1,6.123233995736766e-17,0,0.0,1.0,0.0,1.0
14833,1,2,2,0.375,3,1,0.8660254037844384,0,0.0,0.0,0.0,1.0
6686,0,2,5,0.34375,3,1,-0.8660254037844387,0,0.0,0.0,0.0,1.0
11129,0,1,2,0.609375,1,1,-1.0,0,0.0,1.0,0.0,1.0
5149,1,1,5,0.265625,0,1,0.5000000000000001,0,0.0,1.0,0.0,1.0
4381,1,1,5,0.34375,0,1,-1.0,0,0.0,1.0,0.0,1.0
13023,0,3,1,0.375,3,1,-1.0,1,0.0,0.0,0.0,1.0
14807,1,2,2,0.21875,3,1,-1.8369701987210297e-16,0,0.0,0.0,0.0,1.0
12506,0,1,2,0.515625,0,1,6.123233995736766e-17,0,0.0,1.0,0.0,1.0
7875,1,1,1,0.5625,0,1,-0.8660254037844388,1,0.0,1.0,0.0,1.0
4079,0,3,1,0.578125,0,1,-1.0,0,0.0,0.0,0.0,1.0
15216,1,2,1,0.21875,0,0,0.8660254037844387,0,0.0,0.0,0.0,1.0
8183,1,1,2,0.5,3,1,0.8660254037844384,0,0.0,1.0,0.0,1.0
13273,1,1,1,0.171875,1,1,0.8660254037844384,1,0.0,1.0,0.0,1.0
10705,1,2,1,0.3125,2,1,-0.8660254037844388,0,0.0,0.0,0.0,1.0
14042,0,3,1,0.078125,0,1,-0.5000000000000004,0,0.0,0.0,0.0,1.0
1822,1,2,1,0.40625,0,1,-0.4999999999999998,1,0.0,0.0,0.0,1.0
4062,0,3,1,0.359375,2,1,-1.0,0,0.0,0.0,1.0,0.0
372,1,2,1,0.546875,3,1,-0.4999999999999998,0,0.0,0.0,0.0,1.0
8758,1,3,1,0.546875,2,1,0.5000000000000001,1,0.0,0.0,0.0,1.0
5733,0,1,2,0.15625,0,1,-0.8660254037844387,0,0.0,1.0,0.0,1.0
9072,1,2,1,0.40625,3,1,-0.4999999999999998,0,0.0,0.0,0.0,1.0
2731,1,2,5,0.34375,0,0,-0.4999999999999998,0,0.0,0.0,0.0,1.0
14760,1,1,1,0.328125,1,1,0.5000000000000001,0,0.0,1.0,0.0,1.0
881,1,3,5,0.25,0,1,0.8660254037844384,0,0.0,0.0,0.0,1.0
5500,1,2,1,0.375,2,0,1.0,0,0.0,0.0,0.0,1.0
14838,1,2,0,0.203125,3,1,0.5000000000000001,0,0.0,0.0,0.0,1.0
14234,1,1,2,0.40625,2,1,-0.4999999999999998,0,0.0,1.0,0.0,1.0
14340,1,1,1,0.5,1,1,0.8660254037844384,0,0.0,1.0,0.0,1.0
7718,1,1,1,0.21875,3,1,-0.8660254037844388,1,0.0,1.0,0.0,1.0
5509,1,2,1,0.484375,0,1,0.5000000000000001,1,0.0,0.0,0.0,0.0
14437,1,2,1,0.546875,3,1,-0.5000000000000004,0,0.0,0.0,0.0,1.0
9042,1,2,1,0.296875,0,1,0.8660254037844384,0,0.0,0.0,0.0,1.0
3368,1,1,2,0.390625,3,1,1.0,0,0.0,1.0,0.0,1.0
4439,0,3,1,0.703125,0,1,0.8660254037844384,0,0.0,0.0,0.0,1.0
10609,1,2,1,0.265625,0,1,0.8660254037844384,0,0.0,0.0,0.0,0.0
4244,1,2,1,0.15625,0,1,0.8660254037844384,0,0.0,0.0,0.0,1.0
12499,1,1,1,0.15625,0,1,-1.0,0,0.0,1.0,0.0,1.0
3295,1,1,1,0.234375,0,1,6.123233995736766e-17,0,0.0,1.0,0.0,1.0
5687,1,2,1,0.25,0,1,-0.8660254037844388,0,0.0,0.0,0.0,1.0
9582,1,2,1,0.3125,3,0,6.123233995736766e-17,1,0.0,0.0,0.0,1.0
336,1,2,1,0.203125,2,1,-0.5000000000000004,1,0.0,0.0,0.0,1.0
12316,0,3,1,0.46875,2,1,-0.8660254037844387,0,0.0,0.0,0.0,1.0
5013,1,3,1,0.3125,1,1,-0.8660254037844387,0,0.0,0.0,0.0,1.0
14550,1,1,1,0.46875,3,1,-0.8660254037844388,0,0.0,1.0,0.0,1.0
6043,1,1,2,0.4375,0,1,-0.5000000000000004,0,0.0,1.0,0.0,1.0
14552,1,1,5,0.28125,3,1,-1.0,0,0.0,1.0,0.0,1.0
1930,0,2,1,0.1875,0,0,0.5000000000000001,0,0.0,0.0,0.0,1.0
9208,1,2,1,0.265625,3,1,1.0,0,0.0,0.0,0.0,1.0
7371,1,3,1,0.390625,0,1,0.5000000000000001,0,0.0,0.0,0.0,1.0
8485,1,1,1,0.328125,3,1,0.5000000000000001,1,0.0,1.0,0.0,1.0
14158,1,3,0,0.15625,0,1,0.5000000000000001,0,0.0,0.0,0.0,1.0
7237,0,2,3,0.84375,2,1,0.5000000000000001,0,0.0,0.0,0.0,1.0
7566,1,3,0,0.859375,3,1,-0.4999999999999998,0,0.0,0.0,0.0,1.0
2015,1,1,1,0.15625,1,1,6.123233995736766e-17,1,0.0,1.0,0.0,1.0
13741,1,3,2,0.75,3,1,0.8660254037844387,0,0.0,1.0,0.0,1.0
8669,1,1,2,0.5,0,1,0.5000000000000001,0,0.0,1.0,0.0,1.0
8243,1,3,1,0.359375,0,1,-0.5000000000000004,0,0.0,0.0,0.0,1.0
8541,0,2,1,0.375,0,1,-1.8369701987210297e-16,0,0.0,0.0,0.0,1.0
1137,1,1,1,0.25,0,1,0.5000000000000001,0,0.0,1.0,0.0,1.0
2270,1,1,2,0.328125,0,1,0.8660254037844384,0,0.0,1.0,0.0,1.0
1377,1,1,1,0.734375,2,1,-0.4999999999999998,0,0.0,1.0,0.0,1.0
292,1,3,0,0.6875,2,1,0.8660254037844387,1,0.0,0.0,0.0,1.0
5277,1,1,1,0.390625,0,1,-0.4999999999999998,0,0.0,1.0,0.0,1.0
13439,1,3,1,0.359375,0,1,1.0,0,0.0,0.0,0.0,1.0
13436,1,2,2,0.34375,2,1,-0.8660254037844388,0,0.0,0.0,0.0,1.0
810,1,2,2,0.328125,0,1,-0.8660254037844387,0,0.0,0.0,0.0,1.0
6393,1,1,1,0.265625,2,1,0.8660254037844384,0,0.0,1.0,0.0,1.0
7611,0,1,2,0.609375,3,1,6.123233995736766e-17,0,0.0,1.0,0.0,1.0
12552,1,2,1,0.25,1,1,-0.8660254037844388,0,0.0,0.0,0.0,1.0
8241,1,2,2,0.5625,0,1,-1.0,0,0.0,0.0,0.0,1.0
168,1,2,1,0.171875,1,1,0.5000000000000001,1,0.0,0.0,0.0,1.0
7989,0,3,1,0.21875,0,1,0.5000000000000001,0,0.0,0.0,0.0,1.0
15,1,1,5,0.703125,0,1,0.5000000000000001,0,0.0,1.0,0.0,1.0
11702,0,1,3,0.453125,3,1,0.5000000000000001,0,0.0,1.0,0.0,1.0
14006,1,3,1,0.59375,0,1,0.5000000000000001,0,0.0,0.0,0.0,1.0
5020,1,2,1,0.4375,0,1,0.5000000000000001,0,0.0,0.0,0.0,1.0
13570,1,1,1,0.609375,2,1,6.123233995736766e-17,0,0.0,1.0,0.0,1.0
4199,1,3,1,0.671875,0,0,-0.8660254037844387,0,0.0,0.0,0.0,1.0
6648,0,1,2,0.375,0,1,0.8660254037844387,0,0.0,1.0,0.0,1.0
8743,1,2,1,0.546875,2,1,0.8660254037844387,0,0.0,0.0,1.0,0.0
6297,1,2,1,0.75,0,1,0.8660254037844384,0,0.0,0.0,0.0,1.0
7575,0,3,0,0.59375,1,1,0.8660254037844384,0,0.0,0.0,0.0,1.0
14792,0,3,1,0.28125,0,1,-1.8369701987210297e-16,0,0.0,0.0,0.0,1.0
3051,1,2,1,0.4375,0,1,-1.8369701987210297e-16,0,0.0,0.0,0.0,1.0
14411,1,1,2,0.21875,3,1,0.8660254037844387,0,0.0,1.0,0.0,1.0
2959,1,1,5,0.265625,3,1,1.0,0,0.0,1.0,0.0,0.0
13341,1,3,1,0.359375,0,1,-0.8660254037844388,0,0.0,0.0,0.0,1.0
10314,1,2,0,0.328125,0,0,-0.4999999999999998,1,0.0,0.0,0.0,1.0
12180,1,3,5,0.34375,0,0,0.5000000000000001,0,0.0,0.0,0.0,1.0
8959,1,1,2,0.3125,0,1,6.123233995736766e-17,0,0.0,1.0,0.0,1.0
6975,0,2,4,0.5,3,1,-0.4999999999999998,1,0.0,0.0,0.0,1.0
9397,1,2,1,0.3125,0,1,1.0,0,0.0,0.0,0.0,1.0
73,0,2,1,0.1875,0,1,0.8660254037844387,1,0.0,0.0,0.0,1.0
9326,1,3,1,0.25,2,0,-0.5000000000000004,1,0.0,0.0,0.0,1.0
14189,1,1,2,0.25,0,1,-0.8660254037844388,0,0.0,1.0,0.0,1.0
10633,1,1,5,0.203125,1,1,0.5000000000000001,1,0.0,1.0,0.0,1.0
13974,0,3,1,0.21875,0,1,-0.5000000000000004,1,0.0,0.0,0.0,1.0
6901,0,1,1,0.15625,1,1,6.123233995736766e-17,1,0.0,1.0,0.0,1.0
7059,1,3,5,0.59375,3,1,0.8660254037844387,0,0.0,0.0,0.0,1.0
1075,1,1,2,0.546875,0,1,-0.8660254037844388,0,0.0,1.0,0.0,1.0
5302,1,3,2,0.609375,2,0,0.5000000000000001,0,0.0,0.0,1.0,0.0
13199,1,3,1,0.96875,3,1,-0.5000000000000004,0,0.0,0.0,0.0,1.0
152,1,1,2,0.109375,2,1,0.8660254037844387,0,0.0,1.0,0.0,1.0
15089,1,1,1,0.53125,1,1,-0.8660254037844387,1,0.0,1.0,0.0,1.0
13382,1,1,1,0.15625,1,0,-1.8369701987210297e-16,0,0.0,1.0,0.0,1.0
7275,0,1,1,0.4375,0,1,0.5000000000000001,1,0.0,1.0,0.0,1.0
10327,0,2,1,0.078125,3,1,0.5000000000000001,1,0.0,0.0,0.0,1.0
11101,0,1,1,0.421875,3,1,0.5000000000000001,0,0.0,1.0,0.0,1.0
8648,0,1,5,0.34375,0,0,-1.8369701987210297e-16,0,0.0,1.0,0.0,1.0
14086,1,2,5,0.15625,0,0,0.8660254037844384,0,0.0,0.0,0.0,1.0
8277,1,2,1,0.609375,0,1,-0.8660254037844388,0,0.0,0.0,0.0,1.0
2948,0,3,0,0.4375,0,1,-0.4999999999999998,0,0.0,0.0,0.0,1.0
7103,1,2,1,0.53125,0,1,0.5000000000000001,0,0.0,0.0,0.0,1.0
1462,1,3,1,0.15625,0,1,1.0,0,0.0,0.0,0.0,1.0
10610,1,1,1,0.359375,3,1,-0.5000000000000004,0,0.0,1.0,0.0,1.0
8854,1,2,1,0.25,0,1,-1.8369701987210297e-16,1,0.0,0.0,0.0,1.0
15362,1,1,2,0.21875,0,1,0.5000000000000001,0,0.0,1.0,0.0,1.0
6268,1,2,1,0.640625,0,1,1.0,0,0.0,0.0,0.0,1.0
5828,1,2,1,0.109375,0,1,0.8660254037844384,0,0.0,0.0,0.0,1.0
533,0,3,1,0.546875,0,1,0.5000000000000001,0,0.0,0.0,0.0,1.0
7565,0,1,1,0.25,0,1,-0.4999999999999998,0,0.0,1.0,0.0,1.0
7443,1,1,1,0.84375,3,1,0.8660254037844387,0,0.0,1.0,0.0,1.0
4085,1,2,1,0.53125,1,1,-0.8660254037844388,0,0.0,0.0,0.0,1.0
11787,1,2,1,0.625,3,1,-1.0,1,0.0,0.0,0.0,1.0
3349,1,1,5,0.34375,0,1,-0.8660254037844387,0,0.0,1.0,0.0,1.0
13207,0,2,1,0.296875,0,1,-1.8369701987210297e-16,0,0.0,0.0,0.0,1.0
7958,1,2,1,0.578125,1,0,-0.5000000000000004,0,0.0,0.0,0.0,1.0
8224,0,2,1,0.5625,0,1,-1.0,0,0.0,0.0,0.0,1.0
811,1,1,1,0.234375,0,1,-0.8660254037844387,0,0.0,1.0,0.0,1.0
13657,0,3,5,0.34375,0,1,0.8660254037844387,0,1.0,0.0,0.0,1.0
11456,1,3,2,0.53125,0,1,0.5000000000000001,0,0.0,0.0,0.0,1.0
12255,1,3,1,0.234375,0,1,0.5000000000000001,1,0.0,0.0,0.0,1.0
12663,0,2,2,0.234375,2,1,0.8660254037844384,1,0.0,0.0,0.0,1.0
10997,1,2,2,0.203125,1,1,6.123233995736766e-17,0,0.0,0.0,0.0,1.0
435,1,1,5,0.34375,0,1,-0.4999999999999998,0,0.0,1.0,0.0,1.0
9375,0,1,1,0.65625,2,1,-0.8660254037844387,0,0.0,1.0,0.0,1.0
2714,0,1,1,0.5,3,1,1.0,0,0.0,1.0,0.0,1.0
1811,1,1,5,0.171875,0,1,-1.0,0,0.0,1.0,0.0,1.0
12823,1,3,2,0.265625,0,1,1.0,0,0.0,0.0,0.0,1.0
14229,1,3,1,0.4375,2,1,0.8660254037844384,0,0.0,0.0,0.0,1.0
9371,0,3,1,0.203125,0,1,-0.8660254037844388,0,0.0,0.0,0.0,1.0
349,1,3,5,0.34375,0,1,6.123233995736766e-17,0,0.0,0.0,0.0,1.0
232,1,3,1,0.4375,0,1,-0.4999999999999998,0,0.0,0.0,0.0,1.0
7431,0,2,1,0.3125,2,1,0.5000000000000001,0,0.0,0.0,0.0,1.0
13298,1,3,1,0.40625,0,1,-0.8660254037844387,0,0.0,0.0,0.0,1.0
6563,1,2,2,0.4375,0,1,0.8660254037844387,0,0.0,0.0,0.0,1.0
13932,0,2,5,0.203125,0,1,-0.5000000000000004,0,0.0,1.0,0.0,1.0
9529,1,1,5,0.34375,0,0,-1.0,0,0.0,1.0,0.0,1.0
4799,1,2,1,0.421875,0,1,0.8660254037844384,0,0.0,0.0,0.0,1.0
8417,1,3,0,0.6875,1,1,-0.8660254037844387,0,0.0,0.0,0.0,1.0
8717,1,3,2,0.6875,0,1,0.8660254037844387,0,0.0,0.0,0.0,1.0
10598,1,3,5,0.765625,3,1,-1.8369701987210297e-16,0,0.0,0.0,0.0,1.0
5421,1,2,1,0.5,0,1,-0.8660254037844387,1,0.0,0.0,0.0,1.0
9862,1,2,1,0.078125,1,1,-0.8660254037844387,0,0.0,0.0,0.0,1.0
1779,0,2,1,0.25,3,0,-0.8660254037844387,0,0.0,0.0,0.0,1.0
15152,1,1,2,0.578125,2,1,-0.8660254037844388,0,0.0,1.0,0.0,1.0
14839,0,1,1,0.484375,0,1,-1.8369701987210297e-16,0,0.0,1.0,0.0,1.0
11321,1,1,1,0.109375,3,1,1.0,0,0.0,1.0,0.0,1.0
9061,0,1,1,0.671875,2,0,-0.4999999999999998,0,0.0,1.0,0.0,1.0
14288,0,3,0,0.203125,1,1,-0.8660254037844388,0,0.0,0.0,0.0,1.0
1171,1,3,2,0.609375,0,1,6.123233995736766e-17,0,0.0,0.0,0.0,1.0
7272,1,3,5,0.703125,0,1,0.5000000000000001,0,0.0,0.0,0.0,1.0
3274,1,1,2,0.46875,3,1,-1.0,0,0.0,1.0,0.0,1.0
2903,1,1,1,0.34375,3,1,0.5000000000000001,0,0.0,1.0,0.0,1.0
1686,1,1,1,0.265625,3,1,0.5000000000000001,0,0.0,1.0,0.0,1.0
8307,1,1,1,0.25,0,1,-0.8660254037844387,1,0.0,1.0,0.0,1.0
4370,1,1,1,0.234375,3,1,-1.8369701987210297e-16,0,0.0,1.0,0.0,1.0
7783,1,1,1,0.25,0,1,0.5000000000000001,1,0.0,1.0,0.0,1.0
3247,1,2,1,0.34375,3,1,-1.8369701987210297e-16,0,0.0,0.0,0.0,1.0
8158,1,1,5,0.5,0,0,-1.0,0,0.0,1.0,0.0,1.0
6033,1,1,1,0.109375,0,1,0.8660254037844384,0,0.0,1.0,0.0,1.0
7631,1,2,1,0.1875,3,1,0.5000000000000001,1,0.0,0.0,0.0,1.0
7645,1,3,0,0.25,0,1,-0.4999999999999998,1,0.0,0.0,0.0,1.0
11364,0,2,2,0.3125,0,1,0.5000000000000001,0,0.0,0.0,0.0,1.0
5576,1,2,2,0.390625,3,1,0.8660254037844387,0,0.0,0.0,0.0,1.0
14845,0,3,2,0.203125,3,1,-0.8660254037844388,0,0.0,0.0,0.0,1.0
14041,1,2,1,0.546875,0,1,-0.8660254037844387,0,0.0,0.0,0.0,1.0
7633,1,3,0,0.34375,0,1,6.123233995736766e-17,0,0.0,0.0,0.0,1.0
4608,1,1,2,0.34375,0,1,-0.5000000000000004,0,0.0,1.0,0.0,1.0
8382,1,1,1,0.25,0,1,0.5000000000000001,0,0.0,1.0,0.0,1.0
12072,0,1,1,0.609375,2,1,0.8660254037844387,0,0.0,1.0,0.0,1.0
10901,1,1,2,0.25,1,1,-0.5000000000000004,1,0.0,1.0,0.0,1.0
1120,1,3,5,0.59375,2,1,-0.5000000000000004,0,0.0,0.0,0.0,1.0
2842,1,1,2,0.328125,2,1,0.5000000000000001,0,0.0,1.0,0.0,1.0
8674,0,3,1,0.390625,1,1,1.0,0,0.0,0.0,0.0,1.0
11638,0,3,1,0.203125,0,1,-1.8369701987210297e-16,0,0.0,0.0,0.0,1.0
3250,1,1,1,0.1875,0,1,-1.8369701987210297e-16,1,0.0,1.0,0.0,1.0
9864,0,1,2,0.703125,2,1,-0.5000000000000004,0,0.0,1.0,0.0,1.0
10675,1,1,1,0.25,2,1,6.123233995736766e-17,1,0.0,1.0,0.0,1.0
12172,1,3,0,0.734375,0,1,0.8660254037844387,0,0.0,0.0,0.0,1.0
12364,1,2,2,0.296875,3,1,-0.8660254037844388,0,0.0,0.0,0.0,1.0
6621,1,3,1,0.203125,0,0,0.5000000000000001,0,0.0,0.0,0.0,1.0
3042,1,3,5,0.34375,0,1,-0.4999999999999998,0,0.0,0.0,0.0,1.0
3407,1,2,0,0.359375,1,1,-0.8660254037844387,0,0.0,0.0,0.0,1.0
4597,1,3,1,0.4375,1,1,-1.0,0,0.0,0.0,0.0,1.0
13631,1,3,3,0.390625,2,1,-1.8369701987210297e-16,0,0.0,0.0,0.0,1.0
2144,1,3,3,0.609375,0,1,6.123233995736766e-17,0,0.0,0.0,0.0,1.0
11578,0,2,2,0.296875,0,1,0.8660254037844384,0,0.0,0.0,0.0,0.0
849,1,3,2,0.765625,0,1,0.5000000000000001,0,0.0,0.0,0.0,1.0
509,1,3,0,0.3125,0,0,0.8660254037844387,0,0.0,0.0,0.0,1.0
2272,1,3,0,0.890625,0,1,6.123233995736766e-17,0,0.0,0.0,0.0,1.0
14128,0,2,1,0.234375,0,1,0.5000000000000001,0,0.0,0.0,0.0,0.0
13714,1,2,1,0.390625,1,1,-0.8660254037844388,0,0.0,0.0,0.0,1.0
7555,1,3,5,0.6875,3,1,1.0,0,1.0,0.0,0.0,1.0
1680,1,3,0,0.453125,0,1,6.123233995736766e-17,1,0.0,0.0,0.0,1.0
8251,1,3,4,0.375,0,1,1.0,0,0.0,0.0,0.0,1.0
14096,1,2,5,0.5,1,1,-0.5000000000000004,0,0.0,1.0,0.0,1.0
15131,1,2,0,0.6875,3,1,0.8660254037844384,0,0.0,0.0,0.0,1.0
4376,1,3,1,0.453125,1,1,-0.8660254037844388,1,0.0,0.0,0.0,1.0
3614,1,3,1,0.53125,2,1,-0.8660254037844387,0,0.0,0.0,0.0,1.0
5479,1,2,3,0.171875,0,1,-0.5000000000000004,0,0.0,0.0,0.0,1.0
3045,1,3,5,0.34375,0,1,-0.4999999999999998,0,0.0,0.0,0.0,1.0
8568,1,2,1,0.359375,0,1,1.0,0,0.0,0.0,0.0,1.0
8253,1,3,5,0.328125,3,0,1.0,0,1.0,0.0,0.0,1.0
2168,1,3,0,0.609375,2,0,-0.4999999999999998,0,0.0,0.0,0.0,1.0
891,1,2,1,0.5,0,1,-0.4999999999999998,0,0.0,0.0,0.0,1.0
3570,1,3,1,0.875,3,0,-0.8660254037844387,0,0.0,0.0,0.0,1.0
618,1,2,0,0.1875,2,1,0.8660254037844387,0,0.0,0.0,0.0,1.0
193,1,3,5,0.15625,1,1,0.8660254037844387,0,1.0,0.0,0.0,1.0
367,1,3,1,0.53125,0,1,0.8660254037844387,0,0.0,0.0,0.0,1.0
10336,1,3,1,0.3125,1,1,0.5000000000000001,0,0.0,0.0,0.0,1.0
9947,1,2,1,0.28125,3,1,-0.4999999999999998,1,0.0,0.0,0.0,1.0
13655,1,3,0,0.1875,0,1,-0.5000000000000004,0,0.0,0.0,0.0,1.0
9138,1,2,3,0.453125,1,1,0.8660254037844387,0,0.0,0.0,0.0,1.0
4812,1,3,3,0.484375,0,1,-0.8660254037844388,0,0.0,0.0,0.0,1.0
12456,1,2,2,0.484375,0,1,-0.8660254037844387,0,0.0,0.0,0.0,1.0
3463,1,3,2,0.1875,0,1,-0.8660254037844387,0,0.0,0.0,0.0,1.0
14134,1,2,2,0.234375,2,1,-0.5000000000000004,1,0.0,0.0,0.0,1.0
5699,1,3,1,0.09375,1,1,-0.5000000000000004,0,0.0,0.0,0.0,1.0
797,1,2,1,0.25,0,1,0.8660254037844387,0,0.0,0.0,0.0,1.0
10101,1,2,1,0.296875,0,0,0.5000000000000001,0,0.0,0.0,0.0,1.0
13426,1,3,1,0.21875,0,1,-0.8660254037844388,1,0.0,0.0,0.0,1.0
9309,1,3,1,0.296875,0,1,0.8660254037844387,0,0.0,0.0,0.0,1.0
15287,1,2,1,0.28125,0,1,0.8660254037844384,0,0.0,0.0,0.0,1.0
14289,1,2,1,0.671875,0,1,-0.5000000000000004,0,0.0,0.0,0.0,1.0
5303,1,3,2,0.4375,0,1,-0.5000000000000004,0,0.0,0.0,0.0,1.0
11451,1,3,2,0.296875,1,1,-0.4999999999999998,0,0.0,0.0,0.0,1.0
9351,1,3,0,0.15625,0,1,0.8660254037844387,0,0.0,0.0,0.0,1.0
2143,0,1,2,0.40625,3,1,-0.8660254037844388,0,0.0,1.0,0.0,0.0
4656,1,2,5,0.34375,0,1,-1.0,0,0.0,0.0,0.0,1.0
9670,1,2,5,0.328125,0,1,0.8660254037844387,0,0.0,1.0,0.0,1.0
4590,1,3,1,0.375,1,1,-0.8660254037844388,0,0.0,0.0,0.0,1.0
3586,1,3,5,0.6875,2,1,-0.8660254037844387,0,1.0,0.0,0.0,1.0
3650,1,2,2,0.234375,3,0,-0.8660254037844387,0,0.0,0.0,0.0,1.0
13819,1,2,2,0.296875,1,1,-0.5000000000000004,0,0.0,0.0,0.0,1.0
4315,1,3,0,0.234375,0,1,-1.0,0,0.0,0.0,0.0,1.0
386,1,3,5,0.1875,0,1,0.8660254037844387,0,0.0,0.0,0.0,1.0
10692,1,2,1,0.265625,0,1,-0.8660254037844388,0,0.0,0.0,0.0,1.0
12922,1,3,0,0.546875,2,1,-1.0,1,0.0,0.0,0.0,1.0
11119,0,3,5,0.265625,1,0,1.0,1,0.0,0.0,0.0,0.0
14580,1,2,1,0.234375,3,1,-1.8369701987210297e-16,0,0.0,0.0,0.0,1.0
9143,1,2,3,0.75,0,1,0.8660254037844387,0,0.0,0.0,0.0,1.0
565,1,2,1,0.546875,0,1,0.8660254037844387,0,0.0,0.0,0.0,1.0
2708,1,2,1,0.453125,0,1,-0.4999999999999998,0,0.0,0.0,0.0,1.0
4944,1,3,5,0.375,1,1,-0.8660254037844388,0,1.0,0.0,0.0,1.0
11899,1,3,0,0.296875,1,1,-0.8660254037844387,0,0.0,0.0,0.0,1.0
15116,1,2,1,0.1875,0,1,0.5000000000000001,0,0.0,0.0,0.0,1.0
8092,1,2,1,0.53125,0,1,0.8660254037844384,0,0.0,0.0,1.0,0.0
13910,1,3,3,0.578125,2,1,-0.5000000000000004,0,0.0,0.0,0.0,1.0
5692,1,2,2,0.453125,2,1,0.5000000000000001,0,0.0,0.0,0.0,1.0
1073,1,3,5,0.34375,0,1,0.5000000000000001,0,0.0,0.0,0.0,1.0
8604,1,2,1,0.296875,2,1,0.5000000000000001,0,0.0,0.0,0.0,1.0
3098,1,2,1,0.21875,0,1,-0.8660254037844387,0,0.0,0.0,0.0,1.0
9247,1,3,1,0.25,0,1,0.8660254037844387,0,0.0,0.0,0.0,1.0
10389,1,2,5,0.734375,0,1,6.123233995736766e-17,0,0.0,1.0,0.0,1.0
6106,1,2,2,0.359375,0,1,0.5000000000000001,0,0.0,0.0,0.0,1.0
9850,1,2,2,0.171875,2,0,-0.4999999999999998,0,0.0,0.0,0.0,1.0
1148,1,2,2,0.40625,0,1,0.5000000000000001,0,0.0,0.0,0.0,1.0
12120,1,2,1,0.359375,1,1,-0.8660254037844387,0,0.0,0.0,0.0,1.0
14943,1,2,1,0.15625,0,1,0.5000000000000001,0,0.0,0.0,0.0,1.0
3995,1,3,0,0.09375,0,1,-1.0,1,0.0,0.0,0.0,1.0
4276,1,3,1,0.390625,1,0,-1.0,0,0.0,0.0,0.0,1.0
9071,1,2,1,0.484375,0,1,0.8660254037844387,0,0.0,0.0,0.0,1.0
4356,1,2,2,0.21875,3,1,-1.0,0,0.0,0.0,0.0,1.0
4818,1,2,2,0.53125,0,1,-0.8660254037844388,0,0.0,0.0,0.0,1.0
5728,1,3,1,0.4375,3,1,-0.5000000000000004,0,0.0,0.0,0.0,1.0
5412,1,3,1,0.28125,3,1,-0.5000000000000004,0,0.0,0.0,0.0,1.0
7181,1,3,1,0.265625,1,1,0.5000000000000001,0,0.0,0.0,0.0,1.0
15309,1,2,2,0.15625,1,1,0.8660254037844384,0,0.0,0.0,0.0,1.0
6595,1,2,1,0.03125,3,1,-1.8369701987210297e-16,0,0.0,0.0,0.0,1.0
12747,1,3,1,0.578125,0,1,-1.0,1,0.0,0.0,0.0,1.0
664,0,3,4,0.296875,0,1,-0.5000000000000004,0,0.0,0.0,0.0,0.0
7461,1,2,1,0.234375,3,1,0.5000000000000001,1,0.0,0.0,0.0,1.0
4317,1,2,2,0.21875,0,0,-1.0,0,0.0,0.0,0.0,1.0
2485,1,3,1,0.15625,0,0,1.0,0,0.0,0.0,0.0,1.0
114,1,3,5,0.625,0,0,0.8660254037844387,0,1.0,0.0,0.0,1.0
6172,0,2,1,0.359375,0,1,-0.8660254037844388,0,0.0,0.0,0.0,0.0
14058,1,2,1,0.390625,0,1,-0.5000000000000004,0,0.0,0.0,0.0,1.0
3173,1,3,5,0.34375,0,1,-0.8660254037844387,0,0.0,0.0,0.0,1.0
3834,1,3,1,0.78125,2,1,-0.8660254037844387,0,0.0,0.0,0.0,1.0
4103,1,2,2,0.359375,3,1,-1.0,0,0.0,0.0,0.0,1.0
6810,1,2,0,0.390625,1,1,0.5000000000000001,0,0.0,0.0,0.0,1.0
5506,1,2,1,0.578125,0,1,-0.5000000000000004,1,0.0,0.0,0.0,1.0
8874,1,2,1,0.171875,1,1,0.8660254037844387,0,0.0,0.0,0.0,1.0
1895,1,3,2,0.421875,1,1,6.123233995736766e-17,0,0.0,0.0,0.0,1.0
8105,1,3,1,0.21875,0,1,1.0,0,0.0,0.0,0.0,1.0
4309,1,3,0,0.421875,0,1,-1.0,0,0.0,0.0,0.0,1.0
4969,1,2,1,0.359375,0,1,-0.8660254037844388,0,0.0,0.0,0.0,1.0
13799,1,3,3,0.34375,0,1,-0.5000000000000004,0,1.0,0.0,0.0,1.0
8592,1,3,2,0.5625,0,1,0.5000000000000001,0,0.0,0.0,0.0,1.0
13361,1,2,5,0.46875,0,1,-0.8660254037844388,0,0.0,1.0,0.0,1.0
3493,1,3,0,0.5,0,1,-0.8660254037844387,0,0.0,0.0,0.0,1.0
845,1,3,5,0.34375,0,1,0.5000000000000001,0,0.0,0.0,0.0,1.0
11105,1,2,1,0.140625,0,1,6.123233995736766e-17,0,0.0,0.0,0.0,1.0
13856,1,2,5,0.046875,2,1,-0.5000000000000004,0,0.0,1.0,0.0,1.0
5685,1,3,1,0.25,3,1,-0.5000000000000004,0,0.0,0.0,0.0,1.0
12740,1,2,1,0.421875,3,1,-1.0,0,0.0,0.0,0.0,1.0
15046,0,3,1,0.453125,0,1,0.5000000000000001,0,0.0,0.0,0.0,0.0
12826,1,3,5,0.40625,1,1,-1.0,0,0.0,0.0,0.0,1.0
6604,1,2,5,0.25,3,1,-1.8369701987210297e-16,0,0.0,1.0,0.0,1.0
6988,0,2,1,0.453125,1,1,0.5000000000000001,1,0.0,0.0,0.0,0.0
1863,1,3,5,0.203125,3,1,-0.4999999999999998,0,1.0,0.0,0.0,1.0
5084,1,3,1,0.234375,3,1,-1.8369701987210297e-16,0,0.0,0.0,0.0,1.0
4605,1,2,2,0.4375,0,1,-1.0,0,0.0,0.0,0.0,1.0
6581,1,3,2,0.5,1,1,-1.8369701987210297e-16,0,0.0,0.0,0.0,1.0
15066,1,2,5,0.78125,0,1,0.5000000000000001,0,0.0,1.0,0.0,1.0
4606,1,1,1,0.15625,0,1,-1.8369701987210297e-16,0,0.0,1.0,0.0,1.0
1089,1,3,1,0.203125,3,0,0.5000000000000001,0,0.0,0.0,0.0,1.0
1687,1,2,3,0.25,2,1,6.123233995736766e-17,0,0.0,0.0,0.0,1.0
2459,1,2,1,0.265625,0,0,-0.4999999999999998,0,0.0,0.0,0.0,1.0
13518,1,2,5,0.328125,3,1,-0.8660254037844388,0,0.0,1.0,0.0,1.0
7213,1,3,5,0.21875,0,0,0.5000000000000001,1,0.0,0.0,0.0,1.0
13489,1,2,1,0.171875,0,1,-0.8660254037844388,1,0.0,0.0,0.0,1.0
3557,1,3,0,0.390625,2,0,-0.8660254037844387,1,0.0,0.0,0.0,1.0
11070,1,3,3,0.25,0,1,-0.4999999999999998,0,0.0,0.0,0.0,1.0
14598,1,2,2,0.421875,0,0,-1.8369701987210297e-16,1,0.0,0.0,0.0,1.0
5451,1,3,5,0.1875,0,1,-0.5000000000000004,0,1.0,0.0,0.0,1.0
5019,1,2,5,0.46875,0,1,0.5000000000000001,0,0.0,1.0,0.0,1.0
11023,1,3,1,0.234375,0,1,-0.4999999999999998,0,0.0,0.0,0.0,1.0
8113,1,3,1,0.1875,2,1,0.8660254037844387,0,0.0,0.0,0.0,1.0
5498,1,3,1,0.375,0,1,-1.8369701987210297e-16,0,0.0,0.0,0.0,1.0
13226,1,3,5,0.640625,0,1,-0.8660254037844388,0,1.0,0.0,0.0,1.0
7697,1,2,5,0.46875,3,1,0.8660254037844384,0,0.0,0.0,0.0,1.0
6399,1,3,1,0.296875,1,1,-1.8369701987210297e-16,1,0.0,0.0,0.0,1.0
12175,1,3,0,0.03125,1,1,-0.8660254037844387,0,0.0,0.0,0.0,1.0
11601,1,1,5,0.40625,3,1,-0.4999999999999998,0,0.0,1.0,0.0,1.0
4463,1,2,1,0.59375,2,1,-1.0,0,0.0,0.0,0.0,1.0
5588,1,2,5,0.28125,3,1,-0.5000000000000004,0,0.0,0.0,0.0,1.0
2678,1,3,1,0.25,0,0,-0.4999999999999998,0,0.0,0.0,0.0,1.0
1072,1,2,5,0.34375,0,0,0.5000000000000001,0,0.0,0.0,0.0,1.0
11682,1,3,1,0.125,1,1,-0.8660254037844387,0,0.0,0.0,0.0,1.0
2293,1,2,2,0.5625,2,1,-0.4999999999999998,0,0.0,0.0,0.0,1.0
11189,1,3,0,0.53125,1,1,-0.8660254037844387,0,0.0,0.0,0.0,1.0
2757,1,3,1,0.375,3,1,-0.4999999999999998,1,0.0,0.0,0.0,1.0
1600,1,3,2,0.65625,3,1,6.123233995736766e-17,0,0.0,0.0,0.0,1.0
5675,1,2,2,0.296875,3,0,-0.5000000000000004,0,0.0,0.0,0.0,1.0
9923,1,3,1,0.3125,0,1,0.5000000000000001,0,0.0,0.0,0.0,1.0
5269,1,3,1,0.296875,1,0,-0.8660254037844388,0,0.0,0.0,0.0,1.0
10261,1,3,5,0.390625,0,1,6.123233995736766e-17,0,1.0,0.0,0.0,1.0
11124,1,3,0,0.328125,1,1,-0.4999999999999998,1,0.0,0.0,0.0,1.0
11363,1,1,1,0.75,1,1,-0.8660254037844387,0,0.0,1.0,0.0,1.0
4095,1,3,5,0.328125,0,1,-1.0,0,1.0,0.0,0.0,1.0
6544,1,3,5,0.203125,0,0,-1.8369701987210297e-16,0,1.0,0.0,0.0,1.0
3143,1,3,1,0.296875,3,1,-0.8660254037844387,1,0.0,0.0,0.0,1.0
4795,0,2,1,0.25,0,1,1.0,0,0.0,0.0,0.0,0.0
10879,1,2,1,0.296875,0,1,6.123233995736766e-17,0,0.0,0.0,0.0,1.0
190,1,3,2,0.421875,0,1,0.8660254037844387,0,0.0,0.0,0.0,1.0
9056,1,3,0,0.421875,3,1,0.8660254037844387,1,0.0,0.0,0.0,1.0
831,1,1,2,0.359375,0,1,0.8660254037844387,0,0.0,1.0,0.0,1.0
10749,1,2,1,0.359375,0,1,6.123233995736766e-17,0,0.0,0.0,0.0,1.0
450,1,3,0,0.234375,0,0,0.8660254037844387,1,0.0,0.0,0.0,1.0
5061,1,3,5,0.34375,0,1,-0.5000000000000004,0,0.0,0.0,0.0,1.0
298,1,2,3,0.421875,3,1,0.8660254037844387,0,0.0,0.0,0.0,1.0
2203,1,3,5,0.265625,2,1,6.123233995736766e-17,0,0.0,0.0,0.0,1.0
10016,1,3,5,0.265625,1,1,0.5000000000000001,1,0.0,0.0,0.0,1.0
11267,1,3,3,0.375,3,1,-0.4999999999999998,0,0.0,0.0,0.0,1.0
5519,1,3,1,0.15625,0,1,-1.8369701987210297e-16,0,0.0,0.0,1.0,0.0
8098,1,2,2,0.1875,1,1,1.0,0,0.0,0.0,0.0,1.0
13135,1,3,2,0.28125,0,1,-0.8660254037844388,0,0.0,0.0,0.0,1.0
7428,1,2,0,0.234375,0,1,0.5000000000000001,1,0.0,0.0,0.0,1.0
2809,1,2,2,0.609375,0,0,-0.4999999999999998,0,0.0,0.0,0.0,1.0
8960,1,3,0,0.15625,0,1,0.8660254037844387,0,0.0,0.0,0.0,1.0
7423,1,3,1,0.515625,3,0,0.5000000000000001,0,0.0,0.0,0.0,1.0
7523,1,3,1,0.1875,3,1,1.0,0,0.0,0.0,0.0,1.0
310,1,3,5,0.34375,0,1,0.8660254037844387,0,0.0,0.0,0.0,1.0
7873,1,2,2,0.265625,3,1,0.8660254037844384,0,0.0,0.0,0.0,1.0
5930,1,3,0,0.296875,0,1,-0.5000000000000004,0,0.0,0.0,0.0,1.0
2362,1,2,2,0.28125,1,0,6.123233995736766e-17,1,0.0,0.0,0.0,1.0
10088,1,2,1,0.296875,1,1,6.123233995736766e-17,0,0.0,0.0,0.0,1.0
2857,0,3,1,0.390625,0,1,-0.4999999999999998,0,0.0,0.0,0.0,0.0
10292,1,3,1,0.8125,3,1,0.5000000000000001,0,0.0,0.0,0.0,1.0
7619,1,2,1,0.1875,0,0,0.8660254037844384,0,0.0,0.0,0.0,1.0
12654,1,2,1,0.46875,1,1,-1.0,0,0.0,0.0,0.0,1.0
11902,1,2,1,0.171875,1,1,-0.8660254037844387,0,0.0,0.0,0.0,1.0
1588,1,2,2,0.09375,1,1,0.5000000000000001,0,0.0,0.0,0.0,1.0
4667,1,3,1,0.359375,1,1,-1.0,0,0.0,0.0,0.0,1.0
2646,1,3,1,0.25,1,1,-1.0,0,0.0,0.0,0.0,1.0
3726,1,3,0,0.78125,2,1,-0.8660254037844387,0,0.0,0.0,0.0,1.0
10668,1,2,5,0.296875,0,1,-0.4999999999999998,0,0.0,1.0,0.0,1.0
9162,1,2,5,0.34375,2,1,0.8660254037844387,0,0.0,0.0,0.0,1.0
3130,1,3,5,0.34375,0,1,-0.8660254037844387,0,0.0,0.0,0.0,1.0
8314,0,3,1,0.296875,0,1,0.8660254037844384,0,0.0,0.0,0.0,0.0
557,1,3,1,0.203125,0,1,0.8660254037844387,0,0.0,0.0,0.0,1.0
9111,1,3,0,0.203125,0,0,0.8660254037844387,0,0.0,0.0,0.0,1.0
3786,1,3,2,0.796875,3,0,0.5000000000000001,0,0.0,0.0,0.0,1.0
539,1,3,1,0.328125,0,1,0.8660254037844387,0,0.0,0.0,0.0,1.0
10031,1,2,1,0.875,1,1,0.5000000000000001,0,0.0,0.0,0.0,1.0
8692,1,3,5,0.3125,0,1,1.0,0,1.0,0.0,0.0,1.0
229,1,2,1,0.390625,2,0,0.8660254037844387,0,0.0,0.0,0.0,1.0
12673,1,3,0,0.375,1,1,-1.0,0,0.0,0.0,0.0,1.0
2628,1,3,2,0.59375,0,1,-0.4999999999999998,0,0.0,0.0,0.0,1.0
3193,1,2,2,0.734375,0,1,-0.4999999999999998,0,0.0,0.0,0.0,1.0
13651,1,3,1,0.421875,1,1,-0.8660254037844388,0,0.0,0.0,0.0,1.0
12849,1,3,1,0.34375,0,0,-1.0,0,0.0,0.0,0.0,1.0
2642,1,3,5,0.34375,0,1,-0.4999999999999998,0,0.0,0.0,0.0,1.0
2042,1,2,2,0.609375,3,1,6.123233995736766e-17,0,0.0,0.0,0.0,1.0
4449,1,2,2,0.203125,0,1,-1.0,0,0.0,0.0,0.0,1.0
5102,1,2,1,0.15625,1,1,-0.8660254037844388,0,0.0,0.0,0.0,1.0
9997,1,2,1,0.21875,3,1,0.5000000000000001,0,0.0,0.0,0.0,0.0
11034,1,2,5,0.75,3,1,6.123233995736766e-17,0,1.0,0.0,0.0,1.0
5983,1,3,1,0.25,3,1,-1.8369701987210297e-16,1,0.0,0.0,0.0,1.0
7829,1,3,1,0.5,0,1,0.8660254037844384,0,0.0,0.0,0.0,1.0
5968,1,2,1,0.296875,3,1,-1.8369701987210297e-16,0,0.0,0.0,0.0,0.0
504,1,3,1,0.90625,0,0,0.8660254037844387,0,0.0,0.0,0.0,1.0
8367,1,3,5,0.25,0,1,1.0,0,1.0,0.0,0.0,1.0
667,1,2,2,0.96875,0,1,0.8660254037844387,0,0.0,0.0,0.0,1.0
11186,1,3,1,0.1875,3,1,-0.4999999999999998,0,0.0,0.0,0.0,1.0
9128,1,3,3,0.375,0,1,0.8660254037844387,0,0.0,0.0,0.0,1.0
1168,1,3,1,0.265625,2,1,0.5000000000000001,0,0.0,0.0,0.0,1.0
8605,1,3,2,0.203125,0,1,0.8660254037844387,0,0.0,0.0,0.0,1.0
6526,1,2,1,0.296875,0,1,-1.8369701987210297e-16,0,0.0,0.0,0.0,1.0
4398,1,3,1,0.296875,3,1,-1.0,0,0.0,0.0,0.0,1.0
13448,1,1,2,0.46875,0,1,-0.8660254037844388,0,0.0,1.0,0.0,1.0
701,1,3,1,0.265625,0,0,0.5000000000000001,0,0.0,0.0,0.0,1.0
1737,1,3,5,0.34375,0,1,6.123233995736766e-17,0,0.0,0.0,0.0,1.0
7135,1,2,2,0.28125,2,0,0.5000000000000001,0,0.0,0.0,0.0,1.0
3580,1,3,1,0.34375,1,1,-0.8660254037844387,0,0.0,0.0,0.0,1.0
3684,1,3,2,0.53125,0,1,-0.8660254037844387,0,0.0,0.0,0.0,1.0
12804,1,2,1,0.21875,2,1,-1.0,0,0.0,0.0,0.0,1.0
4165,1,2,3,0.796875,1,0,-1.0,0,0.0,0.0,0.0,1.0
4650,1,2,1,0.28125,3,1,-1.0,1,0.0,0.0,0.0,1.0
3676,1,2,1,0.171875,0,1,-0.8660254037844387,0,0.0,0.0,0.0,1.0
7409,1,2,0,0.15625,0,1,0.5000000000000001,0,0.0,0.0,0.0,1.0
999,1,3,1,0.234375,2,0,0.5000000000000001,0,0.0,0.0,0.0,1.0
2339,1,2,1,0.25,3,1,-0.4999999999999998,0,0.0,0.0,0.0,1.0
6886,1,2,5,0.390625,0,1,0.5000000000000001,0,0.0,0.0,0.0,0.0
2790,1,3,1,0.34375,1,1,-0.4999999999999998,0,0.0,0.0,0.0,1.0
7499,1,2,1,0.25,3,1,0.8660254037844384,1,0.0,0.0,0.0,1.0
5555,1,2,3,0.546875,0,1,-0.5000000000000004,1,0.0,0.0,0.0,1.0
233,1,2,1,0.15625,0,1,0.8660254037844387,0,0.0,0.0,0.0,1.0
12025,1,2,1,0.234375,2,1,-1.0,0,0.0,0.0,0.0,1.0
1200,1,2,2,0.21875,0,0,0.5000000000000001,0,0.0,0.0,0.0,1.0
11783,1,3,2,0.203125,3,1,-0.4999999999999998,0,0.0,0.0,0.0,1.0
5762,1,3,1,0.296875,1,1,-0.5000000000000004,0,0.0,0.0,0.0,1.0
3461,1,2,2,0.078125,0,1,-0.8660254037844387,0,0.0,0.0,0.0,1.0
2806,1,3,1,0.4375,3,1,-0.4999999999999998,0,0.0,0.0,0.0,0.0
8459,1,2,2,0.640625,2,1,1.0,0,0.0,0.0,0.0,1.0
4897,0,2,1,0.390625,0,1,1.0,0,0.0,0.0,0.0,0.0
6149,1,2,1,0.078125,0,1,-1.8369701987210297e-16,0,0.0,0.0,0.0,1.0
13449,1,2,0,0.609375,0,1,0.5000000000000001,0,0.0,0.0,0.0,1.0
4554,1,2,5,0.390625,1,1,-1.0,0,0.0,0.0,0.0,1.0
9293,1,3,1,0.4375,0,1,0.8660254037844387,0,0.0,0.0,0.0,1.0
14021,1,3,1,0.296875,0,1,-0.5000000000000004,0,0.0,0.0,0.0,1.0
10704,1,3,5,0.46875,1,1,6.123233995736766e-17,0,0.0,0.0,0.0,1.0
7788,1,2,2,0.59375,0,0,0.8660254037844384,0,0.0,0.0,0.0,1.0
3927,1,2,1,0.25,0,1,-0.8660254037844387,0,0.0,0.0,0.0,1.0
10117,1,3,5,0.34375,0,1,0.5000000000000001,0,1.0,0.0,0.0,1.0
4089,1,3,1,0.28125,0,1,-1.0,0,0.0,0.0,0.0,1.0
11374,0,2,5,0.390625,0,1,6.123233995736766e-17,0,0.0,1.0,0.0,0.0
15062,1,3,5,0.703125,1,1,0.5000000000000001,0,0.0,0.0,0.0,1.0
5592,1,3,5,0.34375,1,1,-0.5000000000000004,0,0.0,0.0,0.0,1.0
7317,1,2,2,0.296875,1,1,0.5000000000000001,0,0.0,0.0,1.0,0.0
9269,1,3,0,0.53125,0,1,0.8660254037844387,0,0.0,0.0,0.0,1.0
12153,1,2,2,0.4375,0,1,-0.8660254037844387,0,0.0,0.0,1.0,0.0
13766,1,3,1,0.59375,1,1,-0.5000000000000004,1,0.0,0.0,0.0,1.0
4542,1,2,2,0.609375,1,1,-1.0,0,0.0,0.0,0.0,1.0
5866,0,3,0,0.28125,3,1,0.5000000000000001,0,0.0,0.0,0.0,0.0
14116,1,3,0,0.640625,3,1,-0.5000000000000004,0,0.0,0.0,0.0,1.0
3011,1,2,1,0.328125,0,1,-0.8660254037844387,0,0.0,0.0,0.0,1.0
7360,1,3,1,0.1875,0,1,0.5000000000000001,0,0.0,0.0,0.0,1.0
3187,1,3,5,0.375,0,1,-0.8660254037844387,0,0.0,0.0,0.0,1.0
14979,1,2,2,0.4375,0,1,0.5000000000000001,0,0.0,0.0,0.0,1.0
10933,1,2,1,0.65625,0,1,6.123233995736766e-17,0,0.0,0.0,0.0,1.0
15112,1,3,1,0.8125,3,1,0.5000000000000001,0,0.0,0.0,0.0,1.0
13396,1,3,0,0.296875,0,1,-0.5000000000000004,0,0.0,0.0,0.0,1.0
9880,1,2,2,0.1875,0,1,0.5000000000000001,0,0.0,0.0,0.0,1.0
12293,1,2,1,0.4375,2,1,-0.8660254037844387,0,0.0,0.0,0.0,1.0
11998,1,2,2,0.4375,0,0,-0.8660254037844387,0,0.0,0.0,1.0,0.0
12245,1,3,0,0.3125,2,1,-0.8660254037844388,0,0.0,0.0,0.0,1.0
3694,1,3,1,0.140625,1,1,-1.0,0,0.0,0.0,0.0,1.0
9204,1,2,1,0.296875,1,1,0.8660254037844387,0,0.0,0.0,0.0,1.0
11345,1,2,2,0.421875,3,1,-0.4999999999999998,0,0.0,0.0,0.0,1.0
5167,1,2,2,0.703125,0,1,-0.5000000000000004,0,0.0,0.0,0.0,1.0
8748,1,2,0,0.328125,0,1,1.0,1,0.0,0.0,0.0,1.0
11290,1,3,5,0.5,0,1,-0.4999999999999998,0,1.0,0.0,0.0,1.0
8454,1,3,2,0.75,0,1,1.0,0,0.0,0.0,0.0,1.0
9510,1,1,2,0.34375,0,1,0.8660254037844387,0,0.0,1.0,0.0,1.0
4335,1,3,1,0.375,0,1,-1.0,0,0.0,0.0,0.0,1.0
14906,1,2,1,0.21875,0,0,0.5000000000000001,0,0.0,0.0,0.0,1.0
12214,1,2,1,0.6875,3,0,-0.8660254037844387,0,0.0,0.0,0.0,1.0
4551,1,3,5,0.546875,0,1,-0.8660254037844388,0,1.0,0.0,0.0,1.0
9211,1,3,1,0.15625,1,1,0.5000000000000001,0,0.0,0.0,0.0,1.0
2963,1,3,2,0.328125,3,1,-0.4999999999999998,0,0.0,0.0,0.0,1.0
5864,1,3,5,0.875,3,1,-0.5000000000000004,0,0.0,0.0,0.0,1.0
10874,1,2,5,0.3125,0,1,6.123233995736766e-17,0,0.0,0.0,0.0,1.0
12367,1,1,3,0.46875,3,1,-0.8660254037844387,0,0.0,1.0,0.0,1.0
7822,1,3,5,0.203125,0,0,0.8660254037844384,0,1.0,0.0,0.0,1.0
13916,1,2,5,0.28125,2,1,-0.5000000000000004,0,0.0,1.0,0.0,1.0
9986,1,3,5,0.546875,0,1,0.5000000000000001,0,1.0,0.0,0.0,1.0
10530,1,1,1,0.453125,3,1,6.123233995736766e-17,0,0.0,1.0,0.0,1.0
1689,1,3,5,0.34375,0,1,6.123233995736766e-17,0,0.0,0.0,0.0,1.0
12085,1,3,2,0.25,0,1,-0.8660254037844388,0,0.0,0.0,0.0,1.0
5474,1,3,1,0.328125,0,0,-0.5000000000000004,0,0.0,0.0,0.0,1.0
964,1,2,5,0.03125,0,0,0.5000000000000001,0,0.0,1.0,0.0,1.0
8703,1,3,1,0.28125,0,1,0.8660254037844387,0,0.0,0.0,0.0,1.0
6208,1,3,5,0.1875,1,1,-1.8369701987210297e-16,0,1.0,0.0,0.0,1.0
8522,1,1,1,0.265625,0,1,1.0,1,0.0,1.0,0.0,1.0
4661,1,2,1,0.15625,1,1,-0.8660254037844388,0,0.0,0.0,0.0,1.0
12519,1,2,1,0.296875,0,1,-0.8660254037844387,0,0.0,0.0,0.0,1.0
4338,1,3,0,0.703125,3,1,-1.0,0,0.0,0.0,0.0,1.0
3599,1,3,0,0.359375,1,1,-0.8660254037844387,0,0.0,0.0,0.0,1.0
6590,1,2,1,0.359375,1,1,-1.8369701987210297e-16,1,0.0,0.0,0.0,1.0
12724,1,2,1,0.296875,3,1,-1.0,0,0.0,0.0,0.0,1.0
10711,0,2,1,0.234375,0,1,-1.0,1,0.0,0.0,0.0,0.0
1232,1,3,1,0.5625,0,1,0.5000000000000001,0,0.0,0.0,0.0,1.0
13943,1,2,1,0.578125,3,1,-0.5000000000000004,0,0.0,0.0,0.0,1.0
13232,1,2,1,0.46875,2,1,-0.8660254037844388,0,0.0,0.0,0.0,1.0
6715,1,2,1,0.46875,3,1,-1.8369701987210297e-16,0,0.0,0.0,0.0,1.0
961,1,3,1,0.296875,0,1,0.5000000000000001,0,0.0,0.0,0.0,1.0
10521,1,2,5,0.390625,3,1,6.123233995736766e-17,0,0.0,1.0,0.0,1.0
3192,1,2,3,0.453125,0,1,-0.4999999999999998,0,0.0,0.0,0.0,1.0
3423,1,3,2,0.21875,0,1,-0.8660254037844387,0,0.0,0.0,0.0,1.0
6185,1,3,1,0.578125,1,1,-1.8369701987210297e-16,0,0.0,0.0,0.0,1.0
6602,1,2,1,0.171875,3,1,0.5000000000000001,0,0.0,0.0,0.0,1.0
13961,1,2,1,0.359375,0,1,-0.5000000000000004,0,0.0,0.0,0.0,1.0
11668,1,2,2,0.375,0,1,-1.0,0,0.0,0.0,0.0,1.0
15420,1,2,1,0.078125,1,1,1.0,0,0.0,0.0,0.0,1.0
11808,1,2,5,0.359375,3,1,-0.4999999999999998,0,0.0,1.0,0.0,1.0
8846,1,3,1,0.09375,3,1,1.0,0,0.0,0.0,0.0,1.0
3079,1,2,1,0.28125,3,1,-0.8660254037844387,0,0.0,0.0,0.0,1.0
8704,1,3,2,0.28125,3,1,1.0,0,0.0,0.0,0.0,1.0
911,1,3,1,0.640625,3,1,0.5000000000000001,0,0.0,0.0,0.0,1.0
2923,1,2,1,0.28125,0,0,-0.8660254037844387,0,0.0,0.0,0.0,1.0
3132,1,1,2,0.3125,0,1,-0.4999999999999998,0,0.0,1.0,1.0,0.0
5776,1,3,0,0.25,0,1,-0.5000000000000004,0,0.0,0.0,0.0,1.0
10510,1,2,5,0.25,0,1,6.123233995736766e-17,1,0.0,1.0,0.0,1.0
12173,1,3,0,0.765625,0,1,-0.8660254037844387,0,0.0,0.0,0.0,1.0
10260,1,2,1,0.390625,0,1,0.5000000000000001,0,0.0,0.0,0.0,1.0
2424,1,3,1,0.25,1,1,-0.4999999999999998,1,0.0,0.0,0.0,1.0
1339,1,2,1,0.203125,2,1,0.5000000000000001,0,0.0,0.0,0.0,1.0
161,1,3,5,0.265625,0,1,0.8660254037844387,0,0.0,0.0,0.0,1.0
529,1,2,3,0.359375,2,0,0.8660254037844387,0,0.0,0.0,0.0,1.0
9484,1,2,1,0.515625,2,1,0.8660254037844387,1,0.0,0.0,0.0,1.0
8649,1,1,2,0.484375,3,1,1.0,0,0.0,1.0,0.0,1.0
2174,1,3,1,0.453125,3,0,6.123233995736766e-17,0,0.0,0.0,0.0,1.0
1003,1,1,2,0.984375,3,1,0.5000000000000001,0,0.0,1.0,0.0,1.0
14342,1,2,0,0.234375,2,1,-1.8369701987210297e-16,0,0.0,0.0,0.0,1.0
1419,1,1,1,0.25,0,1,6.123233995736766e-17,1,0.0,1.0,0.0,1.0
1425,1,3,0,0.59375,0,0,6.123233995736766e-17,0,0.0,0.0,0.0,1.0
10890,1,3,5,0.546875,2,1,-0.4999999999999998,0,0.0,0.0,0.0,1.0
2821,1,2,5,0.328125,0,1,-0.4999999999999998,0,0.0,0.0,0.0,1.0
9519,1,2,1,0.25,1,1,0.5000000000000001,0,0.0,0.0,0.0,1.0
1778,1,2,2,0.203125,2,1,6.123233995736766e-17,0,0.0,0.0,0.0,1.0
7160,1,2,1,0.203125,1,1,0.5000000000000001,0,0.0,0.0,0.0,1.0
5978,1,3,5,0.21875,0,0,0.8660254037844384,0,0.0,0.0,0.0,1.0
2910,1,3,1,0.1875,0,0,-1.0,1,0.0,0.0,0.0,1.0
10154,1,3,1,0.515625,1,1,0.5000000000000001,0,0.0,0.0,0.0,1.0
11297,1,2,5,0.59375,1,0,-0.8660254037844387,0,0.0,0.0,0.0,1.0
2104,1,2,5,0.34375,0,1,6.123233995736766e-17,0,0.0,0.0,0.0,1.0
12232,1,3,0,0.359375,2,1,-0.8660254037844387,0,0.0,0.0,0.0,1.0
10385,1,2,5,0.03125,0,1,6.123233995736766e-17,0,0.0,1.0,0.0,1.0
882,1,2,1,0.34375,0,1,0.5000000000000001,1,0.0,0.0,0.0,1.0
5356,0,2,5,0.421875,0,1,0.8660254037844387,1,0.0,1.0,0.0,1.0
14084,1,2,2,0.34375,3,1,-1.8369701987210297e-16,0,0.0,0.0,0.0,1.0
14093,1,2,5,0.296875,3,1,-0.5000000000000004,0,0.0,0.0,0.0,1.0
6505,1,1,1,0.203125,0,1,-1.8369701987210297e-16,0,0.0,1.0,0.0,1.0
7651,0,3,5,0.453125,3,1,6.123233995736766e-17,0,0.0,0.0,0.0,0.0
1556,1,3,5,0.34375,0,1,6.123233995736766e-17,0,0.0,0.0,0.0,1.0
1889,1,2,5,0.484375,0,1,6.123233995736766e-17,1,0.0,0.0,0.0,1.0
6627,1,3,5,0.5,0,1,-1.8369701987210297e-16,0,0.0,0.0,0.0,1.0
8614,1,2,1,0.484375,0,1,1.0,0,0.0,0.0,0.0,1.0
6737,1,2,2,0.1875,0,0,0.5000000000000001,0,0.0,0.0,0.0,1.0
15409,1,3,5,0.546875,0,1,0.8660254037844384,0,0.0,0.0,0.0,1.0
12748,1,2,2,0.5625,2,1,-1.0,0,0.0,0.0,0.0,1.0
6331,1,3,0,0.296875,0,1,-1.8369701987210297e-16,0,0.0,0.0,0.0,1.0
5897,1,2,1,0.65625,0,1,-0.5000000000000004,0,0.0,0.0,0.0,1.0
14127,1,3,1,0.15625,3,1,-0.5000000000000004,0,0.0,0.0,0.0,1.0
4229,1,3,5,1.0,1,1,-1.0,0,1.0,0.0,0.0,1.0
7730,1,3,2,0.1875,3,1,0.8660254037844384,0,0.0,0.0,0.0,1.0
10838,1,3,1,0.578125,3,1,6.123233995736766e-17,0,0.0,0.0,0.0,1.0
3408,1,2,1,0.546875,0,1,-1.0,0,0.0,0.0,0.0,1.0
5909,1,3,1,0.25,0,1,-1.8369701987210297e-16,0,0.0,0.0,0.0,1.0
10358,1,1,1,0.09375,0,0,6.123233995736766e-17,0,0.0,1.0,0.0,1.0
6032,1,3,0,0.5625,3,1,-0.5000000000000004,0,0.0,0.0,0.0,1.0
3947,1,2,2,0.375,3,1,-0.8660254037844387,0,0.0,0.0,0.0,1.0
895,1,2,2,0.125,3,0,0.5000000000000001,0,0.0,0.0,0.0,1.0
2469,1,3,2,0.703125,0,1,-0.4999999999999998,0,0.0,0.0,0.0,1.0
7872,1,2,1,0.578125,0,0,0.8660254037844384,0,0.0,0.0,0.0,1.0
10089,1,2,2,0.75,0,1,6.123233995736766e-17,0,0.0,0.0,0.0,1.0
946,1,3,1,0.46875,1,0,6.123233995736766e-17,0,0.0,0.0,0.0,1.0
6031,1,3,2,0.640625,0,1,-1.8369701987210297e-16,0,0.0,0.0,0.0,1.0
2221,1,2,1,0.421875,0,1,-0.4999999999999998,0,0.0,0.0,0.0,1.0
15418,1,2,1,0.125,1,0,1.0,0,0.0,0.0,0.0,1.0
5050,0,2,1,0.375,1,1,0.8660254037844384,0,0.0,0.0,0.0,0.0
7395,1,3,1,0.40625,1,0,0.5000000000000001,1,0.0,0.0,0.0,1.0
309,1,3,0,0.46875,0,0,0.8660254037844387,0,0.0,0.0,0.0,1.0
1599,1,2,5,0.09375,0,1,6.123233995736766e-17,0,0.0,1.0,0.0,1.0
799,1,3,5,0.171875,1,1,0.5000000000000001,1,0.0,0.0,0.0,1.0
7107,1,3,1,0.65625,3,1,0.5000000000000001,0,0.0,0.0,0.0,1.0
13535,1,2,1,0.6875,2,1,-0.8660254037844388,0,0.0,0.0,0.0,1.0
12098,1,2,1,0.15625,3,1,-0.8660254037844387,1,0.0,0.0,0.0,1.0
14406,1,2,2,0.28125,3,1,-1.8369701987210297e-16,0,0.0,0.0,0.0,1.0
3259,1,3,5,0.34375,0,1,-0.8660254037844387,0,0.0,0.0,0.0,1.0
1559,1,2,1,0.78125,3,1,6.123233995736766e-17,0,0.0,0.0,0.0,1.0
11114,1,3,5,0.28125,0,1,-0.4999999999999998,0,1.0,0.0,0.0,1.0
10252,0,3,1,0.296875,3,1,6.123233995736766e-17,0,0.0,0.0,0.0,0.0
5080,1,2,1,0.5,0,0,-0.8660254037844388,0,0.0,0.0,0.0,1.0
4348,1,3,0,0.25,1,1,-1.0,0,0.0,0.0,0.0,1.0
1224,1,2,1,0.640625,0,1,0.5000000000000001,0,0.0,0.0,0.0,1.0
4173,1,3,5,0.328125,0,1,-1.0,0,0.0,0.0,0.0,1.0
9107,1,3,1,0.203125,3,1,0.8660254037844387,0,0.0,0.0,0.0,1.0
1427,1,3,1,0.21875,0,1,6.123233995736766e-17,0,0.0,0.0,1.0,0.0
6089,1,3,1,0.390625,0,1,-1.8369701987210297e-16,0,0.0,0.0,0.0,1.0
9270,1,2,1,0.265625,1,1,0.8660254037844387,1,0.0,0.0,0.0,1.0
1183,1,2,5,0.03125,3,1,6.123233995736766e-17,0,0.0,1.0,0.0,1.0
3033,1,3,2,0.203125,0,1,-0.8660254037844388,0,0.0,0.0,0.0,1.0
7666,1,2,1,0.234375,1,1,0.8660254037844384,1,0.0,0.0,0.0,1.0
8635,1,2,0,0.421875,2,0,1.0,0,0.0,0.0,0.0,1.0
2384,1,2,1,0.421875,0,1,-0.4999999999999998,1,0.0,0.0,0.0,1.0
8855,1,3,1,0.34375,0,1,0.8660254037844387,0,0.0,0.0,0.0,1.0
3265,0,2,2,0.375,0,1,-0.8660254037844387,0,0.0,0.0,0.0,0.0
14998,1,3,1,0.15625,1,1,0.5000000000000001,0,0.0,0.0,0.0,1.0
2254,1,3,5,0.34375,0,1,6.123233995736766e-17,0,0.0,0.0,0.0,1.0
14382,1,2,2,0.375,1,1,-1.8369701987210297e-16,0,0.0,0.0,0.0,1.0
7477,1,3,1,0.53125,0,1,0.8660254037844384,0,0.0,0.0,0.0,1.0
6110,1,2,1,0.09375,3,1,-1.8369701987210297e-16,0,0.0,0.0,0.0,1.0
11415,1,3,1,0.3125,3,1,-0.8660254037844387,0,0.0,0.0,0.0,1.0
6157,1,3,2,0.296875,0,1,-1.8369701987210297e-16,0,0.0,0.0,0.0,1.0
11177,1,2,1,0.71875,3,1,-0.4999999999999998,0,0.0,0.0,0.0,1.0
1685,1,3,5,0.21875,0,0,6.123233995736766e-17,0,0.0,0.0,0.0,1.0
6437,1,2,2,0.3125,0,1,-1.8369701987210297e-16,0,0.0,0.0,0.0,1.0
2586,1,2,1,0.25,3,1,-0.4999999999999998,0,0.0,0.0,0.0,1.0
5915,1,3,2,0.375,2,1,-0.5000000000000004,0,0.0,0.0,0.0,1.0
10150,1,3,1,0.828125,3,1,0.5000000000000001,0,0.0,0.0,0.0,0.0
1856,1,2,2,0.328125,0,1,6.123233995736766e-17,0,0.0,0.0,0.0,1.0
12865,1,2,1,0.234375,0,1,-0.5000000000000004,0,0.0,0.0,0.0,1.0
13159,0,3,1,0.34375,0,1,-0.8660254037844388,0,0.0,0.0,0.0,0.0
6823,1,3,5,0.65625,1,1,-0.4999999999999998,0,0.0,0.0,0.0,1.0
12433,1,2,2,0.359375,3,1,-0.8660254037844388,0,0.0,0.0,0.0,1.0
9440,1,3,0,0.875,2,1,0.8660254037844387,0,0.0,0.0,0.0,1.0
3589,1,3,1,0.171875,2,0,-1.0,0,0.0,0.0,0.0,1.0
2954,1,2,2,0.25,3,1,-0.4999999999999998,0,0.0,0.0,0.0,1.0
3118,1,3,1,0.546875,0,1,-0.8660254037844387,0,0.0,0.0,0.0,1.0
2186,1,2,0,0.4375,0,1,6.123233995736766e-17,0,0.0,0.0,0.0,1.0
3940,1,1,3,0.453125,0,1,-0.8660254037844387,0,0.0,1.0,0.0,1.0
7053,1,3,5,0.515625,0,1,0.5000000000000001,0,0.0,0.0,0.0,1.0
1021,0,2,2,0.421875,0,1,0.8660254037844384,0,0.0,0.0,0.0,0.0
11014,1,2,2,0.453125,3,1,6.123233995736766e-17,0,0.0,0.0,0.0,1.0
2004,1,3,1,0.4375,1,1,6.123233995736766e-17,1,0.0,0.0,0.0,1.0
1482,1,3,2,0.71875,0,1,-0.4999999999999998,0,0.0,0.0,0.0,1.0
14057,1,3,1,0.375,1,1,-0.5000000000000004,0,0.0,0.0,0.0,1.0
1429,1,3,1,0.234375,0,1,6.123233995736766e-17,0,0.0,0.0,0.0,0.0
2434,1,1,5,0.546875,1,1,-0.4999999999999998,0,0.0,1.0,0.0,1.0
3801,1,2,1,0.15625,0,1,-0.8660254037844387,0,0.0,0.0,0.0,1.0
6835,1,2,1,0.671875,0,1,0.5000000000000001,0,0.0,0.0,0.0,0.0
10032,1,3,0,0.171875,0,1,0.5000000000000001,0,0.0,0.0,0.0,1.0
828,1,2,2,0.171875,0,1,-0.4999999999999998,0,0.0,0.0,0.0,1.0
607,1,3,0,0.09375,0,1,0.8660254037844387,0,0.0,0.0,0.0,1.0
3141,1,2,1,0.3125,0,0,-0.8660254037844387,0,0.0,0.0,0.0,1.0
3276,1,2,1,0.234375,0,1,-0.8660254037844387,0,0.0,0.0,0.0,1.0
14367,1,2,1,0.1875,0,1,-1.8369701987210297e-16,1,0.0,0.0,0.0,1.0
9038,1,2,5,0.09375,0,1,0.8660254037844387,0,0.0,1.0,0.0,1.0
6094,1,3,0,0.453125,1,1,-1.8369701987210297e-16,1,0.0,0.0,0.0,1.0
13130,1,3,5,0.453125,1,0,-0.8660254037844388,0,1.0,0.0,0.0,1.0
12843,1,3,4,0.796875,0,1,-1.0,0,0.0,0.0,0.0,1.0
14547,1,2,5,0.109375,0,1,-1.8369701987210297e-16,0,0.0,1.0,0.0,1.0
2886,1,3,1,0.1875,0,1,-0.4999999999999998,1,0.0,0.0,0.0,1.0
10928,1,2,1,0.171875,3,1,6.123233995736766e-17,0,0.0,0.0,0.0,1.0
2590,1,3,0,0.265625,0,1,-0.4999999999999998,0,0.0,0.0,0.0,1.0
7052,1,3,1,0.03125,1,1,0.5000000000000001,0,0.0,0.0,0.0,1.0
6681,1,3,5,0.734375,0,1,-1.8369701987210297e-16,0,0.0,0.0,0.0,1.0
6294,1,3,2,0.53125,1,1,-1.8369701987210297e-16,0,0.0,0.0,1.0,0.0
8008,0,2,2,0.34375,3,1,1.0,0,0.0,0.0,0.0,0.0
4910,1,3,1,0.296875,2,1,-0.8660254037844388,0,0.0,0.0,0.0,1.0
8573,1,3,2,0.1875,2,1,1.0,0,0.0,0.0,0.0,1.0
2223,1,3,1,0.203125,3,1,-1.0,0,0.0,0.0,0.0,1.0
13088,1,1,2,0.21875,3,1,-1.0,0,0.0,1.0,0.0,1.0
10703,1,2,1,0.359375,0,1,6.123233995736766e-17,0,0.0,0.0,0.0,1.0
814,1,2,1,0.421875,0,1,0.5000000000000001,0,0.0,0.0,0.0,1.0
7660,1,3,2,0.9375,3,0,0.8660254037844384,0,0.0,0.0,0.0,1.0
5900,1,2,2,0.34375,0,1,-0.5000000000000004,0,0.0,0.0,0.0,1.0
790,1,3,1,0.359375,0,1,0.8660254037844387,0,0.0,0.0,0.0,1.0
15410,1,2,1,0.765625,1,1,0.8660254037844384,1,0.0,0.0,0.0,1.0
14539,1,2,1,0.03125,2,1,-1.8369701987210297e-16,0,0.0,0.0,0.0,1.0
13264,1,3,0,0.09375,3,1,-0.8660254037844388,0,0.0,0.0,0.0,1.0
10413,1,3,1,0.4375,1,1,6.123233995736766e-17,0,0.0,0.0,0.0,1.0
7998,1,3,1,0.1875,0,1,0.8660254037844384,0,0.0,0.0,0.0,1.0
6769,1,2,5,0.640625,2,0,0.5000000000000001,0,0.0,0.0,0.0,1.0
6752,1,2,5,0.421875,3,1,0.5000000000000001,0,0.0,0.0,0.0,1.0
10443,1,2,1,0.296875,1,1,6.123233995736766e-17,0,0.0,0.0,0.0,1.0
8353,1,2,1,0.390625,3,1,1.0,1,0.0,0.0,0.0,1.0
7396,0,3,1,0.28125,0,1,0.8660254037844384,0,0.0,0.0,0.0,0.0
10223,1,2,5,0.734375,0,1,0.5000000000000001,0,0.0,1.0,0.0,1.0
11411,1,2,2,0.546875,0,1,-0.4999999999999998,1,0.0,0.0,0.0,1.0
11919,1,3,1,0.65625,0,1,-0.8660254037844387,0,0.0,0.0,0.0,1.0
1676,1,3,5,0.34375,0,1,6.123233995736766e-17,0,0.0,0.0,0.0,1.0
8630,1,2,2,0.796875,3,1,1.0,0,0.0,0.0,0.0,1.0
5458,1,2,2,0.15625,1,1,-0.5000000000000004,0,0.0,0.0,0.0,1.0
10440,1,2,1,0.59375,0,0,6.123233995736766e-17,1,0.0,0.0,0.0,1.0
11211,1,2,1,0.1875,0,0,-0.4999999999999998,0,0.0,0.0,0.0,1.0
3444,1,2,1,0.15625,3,1,-0.8660254037844387,0,0.0,0.0,0.0,1.0
1437,1,3,5,0.53125,3,0,0.5000000000000001,0,0.0,0.0,0.0,1.0
9051,1,2,5,0.203125,3,1,0.5000000000000001,1,0.0,0.0,0.0,1.0
8694,1,2,2,0.15625,3,1,1.0,1,0.0,0.0,0.0,1.0
1766,1,3,5,0.34375,0,1,6.123233995736766e-17,0,0.0,0.0,0.0,1.0
12835,1,2,2,0.296875,3,1,-1.0,0,0.0,0.0,1.0,0.0
7076,1,2,1,0.171875,1,1,0.8660254037844384,0,0.0,0.0,0.0,1.0
148,1,3,2,0.359375,3,0,-0.8660254037844387,0,0.0,0.0,0.0,1.0
12427,1,2,1,0.953125,2,1,-0.8660254037844387,0,0.0,0.0,0.0,1.0
4727,1,3,0,0.390625,2,1,-0.8660254037844388,0,0.0,0.0,0.0,1.0
5857,1,3,0,0.21875,0,1,-0.5000000000000004,0,0.0,0.0,0.0,1.0
14435,1,2,2,0.203125,0,1,-1.8369701987210297e-16,0,0.0,0.0,0.0,1.0
8512,1,2,5,0.546875,0,1,1.0,0,0.0,1.0,0.0,1.0
13689,1,2,2,0.390625,0,1,-0.8660254037844388,0,0.0,0.0,0.0,1.0
29,1,3,5,0.34375,0,1,-1.8369701987210297e-16,0,0.0,0.0,0.0,1.0
12237,1,3,1,0.171875,3,1,-0.8660254037844387,0,0.0,0.0,0.0,1.0
14822,1,2,1,0.234375,0,1,0.5000000000000001,0,0.0,0.0,0.0,1.0
14249,1,2,5,0.34375,0,1,-1.8369701987210297e-16,0,0.0,0.0,0.0,1.0
5181,1,3,2,0.1875,1,1,-0.5000000000000004,0,0.0,0.0,0.0,1.0
15405,1,3,1,0.625,0,1,1.0,0,0.0,0.0,0.0,1.0
2822,1,3,1,0.21875,0,1,-0.4999999999999998,1,0.0,0.0,1.0,0.0
7440,1,3,1,0.171875,0,1,0.5000000000000001,0,0.0,0.0,0.0,1.0
12004,1,2,2,0.328125,0,1,-0.8660254037844387,0,0.0,0.0,0.0,1.0
6869,1,2,1,0.21875,0,1,0.5000000000000001,0,0.0,0.0,0.0,1.0
1883,1,2,2,0.3125,3,1,-0.8660254037844388,0,0.0,0.0,0.0,1.0
5698,1,2,2,0.296875,0,1,-0.5000000000000004,0,0.0,0.0,0.0,1.0
7230,1,2,2,0.46875,2,1,0.5000000000000001,1,0.0,0.0,0.0,1.0
4361,1,3,1,0.734375,1,0,-1.0,0,0.0,0.0,0.0,1.0
3550,1,3,1,0.328125,0,1,-1.0,0,0.0,0.0,0.0,1.0
3820,1,3,1,0.28125,3,1,-0.8660254037844387,0,0.0,0.0,0.0,1.0
647,1,2,2,0.21875,3,1,0.8660254037844387,0,0.0,0.0,0.0,1.0
4469,1,3,5,0.75,1,1,-1.0,0,0.0,0.0,0.0,1.0
10877,1,3,5,0.609375,3,0,6.123233995736766e-17,0,1.0,0.0,0.0,1.0
12189,1,2,2,0.25,2,1,-0.8660254037844387,0,0.0,0.0,0.0,1.0
2388,1,3,1,0.53125,2,1,-0.4999999999999998,0,0.0,0.0,1.0,0.0
1397,1,2,2,0.265625,0,1,6.123233995736766e-17,0,0.0,0.0,0.0,1.0
5513,1,2,5,0.484375,1,0,-0.5000000000000004,0,1.0,0.0,0.0,1.0
2939,1,2,1,0.5,0,1,-0.4999999999999998,0,0.0,0.0,0.0,1.0
15107,1,2,2,0.59375,0,1,0.5000000000000001,0,0.0,0.0,0.0,1.0
13351,1,2,0,0.453125,0,1,-0.8660254037844388,0,0.0,0.0,0.0,1.0
15012,1,1,2,0.25,0,1,0.5000000000000001,0,0.0,1.0,0.0,1.0
8496,1,3,0,0.671875,0,0,1.0,0,0.0,0.0,0.0,1.0
12388,1,2,1,0.5,1,1,-0.8660254037844387,0,0.0,0.0,0.0,1.0
11331,1,2,5,0.0,0,1,-0.4999999999999998,0,0.0,1.0,0.0,1.0
8964,1,3,1,0.71875,0,1,0.8660254037844387,0,0.0,0.0,0.0,1.0
13096,1,2,1,0.328125,0,1,-1.0,0,0.0,0.0,0.0,1.0
1862,1,1,1,0.53125,3,1,6.123233995736766e-17,0,0.0,1.0,0.0,1.0
9144,1,2,1,0.34375,2,1,0.8660254037844387,0,0.0,0.0,0.0,1.0
15301,0,3,0,0.390625,0,1,-1.0,0,0.0,0.0,0.0,0.0
7568,1,3,1,0.15625,0,1,0.8660254037844384,1,0.0,0.0,0.0,1.0
10156,1,3,5,0.390625,2,1,0.5000000000000001,0,0.0,0.0,0.0,1.0
2318,1,3,1,0.40625,0,1,-0.4999999999999998,0,0.0,0.0,0.0,1.0
901,1,3,3,0.15625,0,0,0.8660254037844387,0,0.0,0.0,0.0,1.0
15413,1,1,2,0.1875,3,1,0.8660254037844384,1,0.0,1.0,0.0,1.0
5331,1,3,1,0.4375,1,1,-0.5000000000000004,0,0.0,0.0,0.0,1.0
14514,1,2,1,0.28125,0,1,-1.8369701987210297e-16,1,0.0,0.0,0.0,1.0
8715,1,1,1,0.09375,2,1,1.0,0,0.0,1.0,0.0,1.0
1963,1,3,1,0.1875,3,1,-0.4999999999999998,0,0.0,0.0,0.0,1.0
11079,1,3,1,0.1875,1,1,-0.4999999999999998,0,0.0,0.0,0.0,1.0
1979,1,2,5,0.0625,0,0,6.123233995736766e-17,0,0.0,1.0,0.0,1.0
6035,1,3,0,0.40625,0,0,-0.5000000000000004,0,0.0,0.0,0.0,1.0
5781,1,3,1,0.234375,0,1,-0.5000000000000004,0,0.0,0.0,0.0,1.0
5093,1,3,0,0.5625,0,0,-0.8660254037844388,0,0.0,0.0,0.0,1.0
4030,1,3,2,0.375,0,1,-1.0,0,0.0,0.0,0.0,0.0
9283,1,2,1,0.25,2,1,0.8660254037844387,0,0.0,0.0,0.0,0.0
6779,1,3,0,0.234375,0,1,0.5000000000000001,0,0.0,0.0,0.0,1.0
12279,1,2,1,0.171875,1,1,-0.8660254037844387,0,0.0,0.0,0.0,1.0
10157,1,2,5,0.296875,0,1,0.5000000000000001,0,0.0,1.0,0.0,1.0
11413,1,2,2,0.4375,0,0,-0.4999999999999998,0,0.0,0.0,0.0,1.0
2028,1,3,5,0.765625,0,1,6.123233995736766e-17,0,1.0,0.0,0.0,1.0
4579,1,2,1,0.1875,2,1,-1.0,1,0.0,0.0,0.0,1.0
409,0,2,2,0.203125,0,1,0.8660254037844384,1,0.0,0.0,0.0,0.0
2314,1,2,5,0.53125,0,1,-0.4999999999999998,1,0.0,1.0,0.0,1.0
6361,1,3,1,0.421875,0,1,-1.8369701987210297e-16,0,0.0,0.0,0.0,1.0
8365,0,2,1,0.328125,0,1,-0.5000000000000004,0,0.0,0.0,0.0,0.0
13143,1,3,0,0.578125,0,0,-0.8660254037844388,0,0.0,0.0,0.0,1.0
11973,1,3,3,0.421875,1,1,-0.8660254037844388,0,0.0,0.0,0.0,1.0
15144,1,2,1,0.15625,1,1,0.5000000000000001,1,0.0,0.0,0.0,1.0
4733,1,2,2,0.1875,3,1,-0.8660254037844388,0,0.0,0.0,0.0,1.0
14808,1,2,1,0.1875,1,1,-1.8369701987210297e-16,0,0.0,0.0,0.0,1.0
2789,1,3,1,0.140625,0,1,-0.4999999999999998,0,0.0,0.0,0.0,1.0
12810,1,2,1,0.171875,0,0,-1.0,0,0.0,0.0,0.0,1.0
6994,1,3,0,0.21875,0,1,0.5000000000000001,0,0.0,0.0,0.0,1.0
11262,1,3,1,0.875,3,1,-0.4999999999999998,0,0.0,0.0,0.0,1.0
3556,1,3,1,0.5,1,1,-0.8660254037844387,0,0.0,0.0,0.0,1.0
12161,1,3,5,0.359375,1,1,-0.5000000000000004,0,1.0,0.0,0.0,1.0
2066,1,2,2,0.25,0,1,6.123233995736766e-17,0,0.0,0.0,0.0,1.0
236,1,3,1,0.15625,2,1,0.8660254037844387,0,0.0,0.0,0.0,1.0
6922,1,3,1,0.96875,0,0,0.5000000000000001,0,0.0,0.0,0.0,1.0
5305,0,3,1,0.40625,1,0,0.8660254037844387,0,0.0,0.0,0.0,0.0
3096,1,2,1,0.171875,3,1,-0.8660254037844387,1,0.0,0.0,0.0,1.0
12416,1,1,1,0.328125,1,1,-0.8660254037844387,0,0.0,1.0,0.0,1.0
955,1,3,1,0.421875,3,1,0.5000000000000001,0,0.0,0.0,0.0,1.0
534,1,2,1,0.265625,1,1,0.8660254037844387,0,0.0,0.0,0.0,1.0
11763,1,2,2,0.625,2,1,-0.8660254037844387,0,0.0,0.0,0.0,1.0
3422,1,3,1,0.265625,0,1,-0.8660254037844387,0,0.0,0.0,0.0,1.0
8666,1,2,2,0.265625,0,1,1.0,0,0.0,0.0,0.0,1.0
650,1,1,2,0.40625,0,0,0.8660254037844387,0,0.0,1.0,0.0,1.0
10851,1,2,1,0.1875,0,0,6.123233995736766e-17,0,0.0,0.0,1.0,0.0
11982,1,3,2,0.1875,0,1,-0.8660254037844387,1,0.0,0.0,0.0,1.0
13299,1,1,1,0.578125,1,1,-0.8660254037844388,0,0.0,1.0,0.0,1.0
11122,1,3,1,0.390625,0,1,-1.0,0,0.0,0.0,0.0,1.0
1080,1,2,1,0.234375,0,1,0.5000000000000001,0,0.0,0.0,0.0,1.0
6279,1,3,1,0.875,0,1,-1.8369701987210297e-16,0,0.0,0.0,0.0,1.0
3773,1,2,3,0.40625,2,1,-1.0,0,0.0,0.0,0.0,1.0
2864,1,2,2,0.265625,0,1,-0.4999999999999998,0,0.0,0.0,0.0,1.0
10344,1,2,1,0.140625,0,1,0.5000000000000001,1,0.0,0.0,0.0,1.0
1192,1,3,1,0.609375,1,1,0.5000000000000001,0,0.0,0.0,0.0,1.0
4288,1,3,0,0.1875,0,0,-1.0,1,0.0,0.0,0.0,1.0
10733,1,2,1,0.15625,1,1,6.123233995736766e-17,0,0.0,0.0,0.0,1.0
54,1,2,1,0.53125,2,1,-0.5000000000000004,0,0.0,0.0,0.0,1.0
10846,1,2,1,0.390625,0,1,6.123233995736766e-17,0,0.0,0.0,0.0,1.0
3054,1,3,1,0.140625,0,1,-1.0,0,0.0,0.0,0.0,1.0
6991,1,3,1,0.6875,2,1,0.5000000000000001,0,0.0,0.0,0.0,1.0
13947,1,2,2,0.46875,3,1,-0.5000000000000004,0,0.0,0.0,0.0,1.0
2968,1,1,5,0.34375,0,1,-0.4999999999999998,0,0.0,1.0,0.0,1.0
12045,1,3,0,0.390625,2,1,-0.8660254037844387,0,0.0,0.0,0.0,1.0
9088,1,3,1,0.1875,0,1,0.8660254037844387,1,0.0,0.0,0.0,1.0
6332,1,2,1,0.171875,0,0,-1.8369701987210297e-16,0,0.0,0.0,0.0,1.0
5845,1,3,1,0.390625,2,1,-0.5000000000000004,0,0.0,0.0,0.0,1.0
11313,1,3,5,0.265625,0,1,-0.4999999999999998,0,0.0,0.0,0.0,1.0
14224,1,2,5,0.359375,0,1,1.0,0,0.0,0.0,0.0,1.0
10255,1,2,1,0.203125,1,1,0.5000000000000001,0,0.0,0.0,0.0,1.0
6150,1,2,5,0.03125,0,0,-1.8369701987210297e-16,0,0.0,1.0,0.0,1.0
4223,1,3,5,0.34375,0,1,-1.0,0,0.0,0.0,0.0,1.0
2142,1,3,1,0.296875,0,1,-0.4999999999999998,0,0.0,0.0,0.0,1.0
6387,1,3,5,0.78125,3,1,0.8660254037844384,0,1.0,0.0,1.0,0.0
14142,1,3,2,0.703125,2,1,-0.5000000000000004,0,0.0,0.0,0.0,1.0
12157,1,2,1,0.125,2,0,-0.8660254037844387,0,0.0,0.0,0.0,1.0
10630,1,2,1,0.453125,2,1,6.123233995736766e-17,0,0.0,0.0,0.0,1.0
5639,1,3,1,0.234375,3,1,-0.5000000000000004,0,0.0,0.0,0.0,1.0
2852,1,2,5,0.546875,0,1,-0.8660254037844387,0,0.0,1.0,0.0,1.0
8335,1,1,5,0.4375,2,1,1.0,0,0.0,1.0,0.0,1.0
11872,1,2,1,0.46875,2,1,-0.8660254037844387,0,0.0,0.0,0.0,1.0
14391,1,3,0,0.109375,3,1,-1.8369701987210297e-16,0,0.0,0.0,0.0,1.0
5178,1,3,0,0.328125,0,1,6.123233995736766e-17,0,0.0,0.0,1.0,0.0
9181,0,3,1,0.265625,2,1,0.8660254037844387,0,0.0,0.0,0.0,0.0
8099,1,3,1,0.171875,0,0,0.8660254037844384,0,0.0,0.0,0.0,1.0
10125,1,3,3,0.3125,0,1,0.5000000000000001,0,1.0,0.0,0.0,1.0
14458,1,3,0,0.34375,0,1,-1.8369701987210297e-16,0,0.0,0.0,0.0,1.0
10442,1,2,1,0.21875,1,1,6.123233995736766e-17,1,0.0,0.0,0.0,1.0
1790,1,2,2,0.546875,1,1,6.123233995736766e-17,0,0.0,0.0,0.0,1.0
7050,1,2,1,0.359375,1,1,0.5000000000000001,0,0.0,0.0,0.0,1.0
5220,1,3,5,0.3125,0,1,-0.5000000000000004,0,1.0,0.0,0.0,1.0
6911,1,3,5,0.21875,0,1,0.5000000000000001,0,1.0,0.0,0.0,1.0
14556,1,2,2,0.203125,1,1,-1.8369701987210297e-16,0,0.0,0.0,0.0,1.0
11691,1,2,3,0.46875,2,1,-0.4999999999999998,0,0.0,0.0,0.0,1.0
11349,1,2,1,0.5,0,1,-0.4999999999999998,0,0.0,0.0,0.0,1.0
6146,1,3,0,0.40625,1,1,-1.8369701987210297e-16,0,0.0,0.0,0.0,1.0
8363,1,3,1,0.375,0,1,1.0,0,0.0,0.0,0.0,1.0
11087,1,2,2,0.515625,0,1,6.123233995736766e-17,0,0.0,0.0,0.0,1.0
14587,0,3,0,0.234375,3,1,-1.8369701987210297e-16,0,0.0,0.0,0.0,0.0
13234,1,2,2,0.421875,3,1,-0.8660254037844388,0,0.0,0.0,0.0,1.0
11901,1,3,1,0.4375,2,1,-0.8660254037844387,1,0.0,0.0,0.0,1.0
11910,1,2,1,0.65625,1,1,-0.8660254037844387,0,0.0,0.0,0.0,1.0
7584,1,1,1,0.15625,3,1,0.8660254037844384,1,0.0,1.0,0.0,1.0
14524,1,2,1,0.25,0,1,-1.8369701987210297e-16,0,0.0,0.0,0.0,1.0
9873,1,2,1,0.203125,1,1,0.5000000000000001,0,0.0,0.0,0.0,1.0
906,1,3,1,0.703125,0,1,0.5000000000000001,0,0.0,0.0,0.0,1.0
11584,1,2,0,0.234375,0,1,-1.0,0,0.0,0.0,0.0,1.0
1024,1,3,2,0.234375,1,1,0.5000000000000001,0,0.0,0.0,1.0,0.0
1115,1,2,2,0.375,0,1,0.5000000000000001,0,0.0,0.0,0.0,1.0
2191,1,3,0,0.75,0,1,-0.4999999999999998,0,0.0,0.0,0.0,1.0
14336,1,3,5,0.390625,0,1,-1.8369701987210297e-16,0,1.0,0.0,0.0,1.0
7556,1,2,1,0.671875,0,1,0.8660254037844384,0,0.0,0.0,0.0,1.0
3778,1,2,5,0.609375,3,1,-0.8660254037844387,0,0.0,0.0,0.0,1.0
13230,1,2,1,0.75,1,1,-0.8660254037844388,1,0.0,0.0,0.0,1.0
14603,1,2,1,0.46875,3,1,-1.8369701987210297e-16,0,0.0,0.0,0.0,1.0
53,1,2,5,0.078125,2,0,0.8660254037844387,0,0.0,1.0,0.0,1.0
714,1,3,1,0.296875,2,1,0.5000000000000001,1,0.0,0.0,0.0,1.0
4146,1,2,3,0.421875,0,1,-1.0,0,0.0,0.0,0.0,1.0
9614,1,3,1,0.15625,0,1,0.5000000000000001,1,0.0,0.0,0.0,1.0
119,1,3,1,0.8125,0,1,1.0,0,0.0,0.0,0.0,1.0
11513,1,3,1,0.421875,0,1,-0.4999999999999998,0,0.0,0.0,0.0,1.0
8466,1,3,0,0.21875,3,1,1.0,1,0.0,0.0,0.0,1.0
95,1,2,5,0.28125,2,1,0.8660254037844387,0,0.0,1.0,0.0,1.0
5495,1,2,1,0.34375,0,1,-0.5000000000000004,0,0.0,0.0,0.0,1.0
10900,1,3,5,0.15625,0,1,6.123233995736766e-17,0,1.0,0.0,0.0,1.0
9434,1,2,1,0.171875,1,1,0.8660254037844387,0,0.0,0.0,0.0,1.0
10643,1,2,2,0.578125,0,1,6.123233995736766e-17,0,0.0,0.0,0.0,1.0
7065,1,1,1,0.546875,0,1,0.5000000000000001,0,0.0,1.0,0.0,1.0
5744,1,3,1,0.25,3,1,-0.5000000000000004,1,0.0,0.0,0.0,1.0
15406,1,2,1,0.171875,2,1,1.0,0,0.0,0.0,0.0,1.0
5839,1,2,2,0.359375,3,1,-0.5000000000000004,0,0.0,0.0,0.0,1.0
12052,1,3,5,0.3125,2,1,-0.8660254037844387,0,0.0,0.0,0.0,1.0
13247,1,2,2,0.671875,3,1,-0.8660254037844388,0,0.0,0.0,0.0,1.0
14516,1,2,1,0.578125,3,0,0.5000000000000001,0,0.0,0.0,0.0,1.0
13211,1,3,3,0.21875,3,0,-0.5000000000000004,0,0.0,0.0,0.0,1.0
15088,1,2,1,0.34375,1,1,0.5000000000000001,0,0.0,0.0,0.0,1.0
13242,1,3,1,0.21875,3,1,-0.8660254037844388,0,0.0,0.0,0.0,1.0
12504,1,2,1,0.296875,0,1,-0.8660254037844387,0,0.0,0.0,0.0,1.0
9874,1,2,1,0.25,3,1,0.5000000000000001,1,0.0,0.0,0.0,1.0
9141,1,2,1,0.515625,0,1,0.8660254037844387,0,0.0,0.0,0.0,1.0
3857,1,3,5,0.34375,0,1,-0.8660254037844387,0,0.0,0.0,0.0,1.0
13626,1,2,5,0.171875,0,1,-1.8369701987210297e-16,0,0.0,1.0,0.0,1.0
7462,1,3,1,0.453125,3,1,0.5000000000000001,0,0.0,0.0,0.0,1.0
7325,1,3,1,0.75,0,1,0.5000000000000001,0,0.0,0.0,0.0,1.0
12569,1,2,1,0.453125,0,1,-0.8660254037844387,0,0.0,0.0,0.0,1.0
8059,1,2,2,0.1875,2,1,1.0,0,0.0,0.0,0.0,0.0
11001,1,2,5,0.140625,0,1,6.123233995736766e-17,0,0.0,1.0,0.0,1.0
5916,1,3,1,0.71875,2,1,0.5000000000000001,0,0.0,0.0,0.0,1.0
3502,1,3,5,0.296875,0,0,-0.8660254037844387,0,0.0,0.0,0.0,1.0
15121,1,3,5,0.53125,1,1,0.5000000000000001,0,1.0,0.0,0.0,1.0
4088,1,3,1,0.296875,2,0,-0.8660254037844387,0,0.0,0.0,0.0,1.0
5570,1,3,5,0.171875,0,1,-0.5000000000000004,0,0.0,0.0,0.0,1.0
7522,1,3,1,0.203125,0,1,0.8660254037844384,0,0.0,0.0,0.0,1.0
7612,1,3,0,0.46875,3,0,0.8660254037844384,0,0.0,0.0,0.0,1.0
6791,1,2,1,0.28125,1,0,0.5000000000000001,1,0.0,0.0,0.0,1.0
14485,1,2,5,0.125,0,1,-1.8369701987210297e-16,1,0.0,1.0,0.0,1.0
5941,1,2,2,0.46875,3,1,-0.5000000000000004,0,0.0,0.0,0.0,1.0
3298,1,2,1,0.46875,0,1,-0.8660254037844387,0,0.0,0.0,0.0,1.0
9929,1,3,0,0.25,1,1,0.5000000000000001,1,0.0,0.0,0.0,1.0
4267,1,1,2,0.15625,0,1,-1.0,0,0.0,1.0,0.0,1.0
1738,1,3,5,0.3125,3,1,6.123233995736766e-17,0,0.0,0.0,0.0,1.0
9153,1,2,1,0.59375,3,0,0.8660254037844387,0,0.0,0.0,0.0,1.0
5682,1,2,2,0.46875,0,0,-0.5000000000000004,0,0.0,0.0,0.0,1.0
5540,1,3,5,0.34375,1,1,-0.5000000000000004,0,1.0,0.0,0.0,1.0
4846,1,3,0,0.421875,0,1,-0.8660254037844388,0,0.0,0.0,0.0,0.0
318,1,2,5,0.34375,0,1,0.8660254037844387,0,0.0,0.0,0.0,1.0
2340,1,2,1,0.6875,0,1,-0.4999999999999998,0,0.0,0.0,0.0,1.0
1484,1,3,5,0.375,0,1,6.123233995736766e-17,0,0.0,0.0,0.0,1.0
1990,0,2,2,0.375,3,1,0.5000000000000001,0,0.0,0.0,0.0,0.0
5233,1,3,1,0.3125,3,1,-0.8660254037844388,0,0.0,0.0,0.0,1.0
14393,1,2,1,0.1875,0,1,-1.8369701987210297e-16,0,0.0,0.0,0.0,1.0
7166,1,2,2,0.296875,3,1,0.8660254037844384,0,0.0,0.0,0.0,1.0
10931,1,2,2,0.6875,3,1,6.123233995736766e-17,0,0.0,0.0,0.0,1.0
3979,0,2,5,0.15625,0,1,-0.8660254037844387,0,0.0,0.0,0.0,0.0
7495,1,3,5,0.8125,0,1,0.5000000000000001,0,1.0,0.0,0.0,1.0
5767,1,3,2,0.3125,0,1,-0.5000000000000004,0,0.0,0.0,1.0,0.0
